numero_sondage,institut,commanditaire,echantillon,date_debut,date_fin,tour,hypothese,candidat,intention_vote,score_min,score_max
9995,Toluna,RTL,1124,2025-10-07,2025-10-07,1er,Edouard Philippe et Jordan Bardella,BRUNO RETAILLEAU,10.00,8.20,11.80
9995,Toluna,RTL,1124,2025-10-07,2025-10-07,1er,Edouard Philippe et Jordan Bardella,EDOUARD PHILIPPE,15.00,12.90,17.10
9995,Toluna,RTL,1124,2025-10-07,2025-10-07,1er,Edouard Philippe et Jordan Bardella,ERIC ZEMMOUR,6.00,4.60,7.40
9995,Toluna,RTL,1124,2025-10-07,2025-10-07,1er,Edouard Philippe et Jordan Bardella,FABIEN ROUSSEL,3.00,2.00,4.00
9995,Toluna,RTL,1124,2025-10-07,2025-10-07,1er,Edouard Philippe et Jordan Bardella,JEAN-LUC MELENCHON,14.00,12.00,16.00
9995,Toluna,RTL,1124,2025-10-07,2025-10-07,1er,Edouard Philippe et Jordan Bardella,JORDAN BARDELLA,35.00,32.20,37.80
9995,Toluna,RTL,1124,2025-10-07,2025-10-07,1er,Edouard Philippe et Jordan Bardella,MARINE TONDELIER,3.00,2.00,4.00
9995,Toluna,RTL,1124,2025-10-07,2025-10-07,1er,Edouard Philippe et Jordan Bardella,NATHALIE ARTHAUD,1.00,0.40,1.60
9995,Toluna,RTL,1124,2025-10-07,2025-10-07,1er,Edouard Philippe et Jordan Bardella,NICOLAS DUPONT-AIGNAN,1.00,0.40,1.60
9995,Toluna,RTL,1124,2025-10-07,2025-10-07,1er,Edouard Philippe et Jordan Bardella,RAPHAEL GLUCKSMANN,12.00,10.10,13.90
9995,Toluna,RTL,1124,2025-10-07,2025-10-07,1er,Gabriel Attal et Jordan Bardella,BRUNO RETAILLEAU,11.00,9.20,12.80
9995,Toluna,RTL,1124,2025-10-07,2025-10-07,1er,Gabriel Attal et Jordan Bardella,ERIC ZEMMOUR,6.00,4.60,7.40
9995,Toluna,RTL,1124,2025-10-07,2025-10-07,1er,Gabriel Attal et Jordan Bardella,FABIEN ROUSSEL,3.00,2.00,4.00
9995,Toluna,RTL,1124,2025-10-07,2025-10-07,1er,Gabriel Attal et Jordan Bardella,GABRIEL ATTAL,12.00,10.10,13.90
9995,Toluna,RTL,1124,2025-10-07,2025-10-07,1er,Gabriel Attal et Jordan Bardella,JEAN-LUC MELENCHON,14.00,12.00,16.00
9995,Toluna,RTL,1124,2025-10-07,2025-10-07,1er,Gabriel Attal et Jordan Bardella,JORDAN BARDELLA,35.00,32.20,37.80
9995,Toluna,RTL,1124,2025-10-07,2025-10-07,1er,Gabriel Attal et Jordan Bardella,MARINE TONDELIER,3.00,2.00,4.00
9995,Toluna,RTL,1124,2025-10-07,2025-10-07,1er,Gabriel Attal et Jordan Bardella,NATHALIE ARTHAUD,1.00,0.40,1.60
9995,Toluna,RTL,1124,2025-10-07,2025-10-07,1er,Gabriel Attal et Jordan Bardella,NICOLAS DUPONT-AIGNAN,1.00,0.40,1.60
9995,Toluna,RTL,1124,2025-10-07,2025-10-07,1er,Gabriel Attal et Jordan Bardella,RAPHAEL GLUCKSMANN,14.00,12.00,16.00
9995,Toluna,RTL,1124,2025-10-07,2025-10-07,1er,Gabriel Attal et Marine Le Pen,BRUNO RETAILLEAU,11.00,9.20,12.80
9995,Toluna,RTL,1124,2025-10-07,2025-10-07,1er,Gabriel Attal et Marine Le Pen,ERIC ZEMMOUR,6.00,4.60,7.40
9995,Toluna,RTL,1124,2025-10-07,2025-10-07,1er,Gabriel Attal et Marine Le Pen,FABIEN ROUSSEL,3.00,2.00,4.00
9995,Toluna,RTL,1124,2025-10-07,2025-10-07,1er,Gabriel Attal et Marine Le Pen,GABRIEL ATTAL,12.00,10.10,13.90
9995,Toluna,RTL,1124,2025-10-07,2025-10-07,1er,Gabriel Attal et Marine Le Pen,JEAN-LUC MELENCHON,14.00,12.00,16.00
9995,Toluna,RTL,1124,2025-10-07,2025-10-07,1er,Gabriel Attal et Marine Le Pen,MARINE LE PEN,34.00,31.20,36.80
9995,Toluna,RTL,1124,2025-10-07,2025-10-07,1er,Gabriel Attal et Marine Le Pen,MARINE TONDELIER,3.00,2.00,4.00
9995,Toluna,RTL,1124,2025-10-07,2025-10-07,1er,Gabriel Attal et Marine Le Pen,NATHALIE ARTHAUD,1.00,0.40,1.60
9995,Toluna,RTL,1124,2025-10-07,2025-10-07,1er,Gabriel Attal et Marine Le Pen,NICOLAS DUPONT-AIGNAN,2.00,1.20,2.80
9995,Toluna,RTL,1124,2025-10-07,2025-10-07,1er,Gabriel Attal et Marine Le Pen,RAPHAEL GLUCKSMANN,14.00,12.00,16.00
9995,Toluna,RTL,1124,2025-10-07,2025-10-07,1er,Edouard Philippe et Marine Le Pen,BRUNO RETAILLEAU,10.00,8.20,11.80
9995,Toluna,RTL,1124,2025-10-07,2025-10-07,1er,Edouard Philippe et Marine Le Pen,EDOUARD PHILIPPE,16.00,13.90,18.10
9995,Toluna,RTL,1124,2025-10-07,2025-10-07,1er,Edouard Philippe et Marine Le Pen,ERIC ZEMMOUR,6.00,4.60,7.40
9995,Toluna,RTL,1124,2025-10-07,2025-10-07,1er,Edouard Philippe et Marine Le Pen,FABIEN ROUSSEL,3.00,2.00,4.00
9995,Toluna,RTL,1124,2025-10-07,2025-10-07,1er,Edouard Philippe et Marine Le Pen,JEAN-LUC MELENCHON,14.00,12.00,16.00
9995,Toluna,RTL,1124,2025-10-07,2025-10-07,1er,Edouard Philippe et Marine Le Pen,MARINE LE PEN,34.00,31.20,36.80
9995,Toluna,RTL,1124,2025-10-07,2025-10-07,1er,Edouard Philippe et Marine Le Pen,MARINE TONDELIER,3.00,2.00,4.00
9995,Toluna,RTL,1124,2025-10-07,2025-10-07,1er,Edouard Philippe et Marine Le Pen,NATHALIE ARTHAUD,1.00,0.40,1.60
9995,Toluna,RTL,1124,2025-10-07,2025-10-07,1er,Edouard Philippe et Marine Le Pen,NICOLAS DUPONT-AIGNAN,1.00,0.40,1.60
9995,Toluna,RTL,1124,2025-10-07,2025-10-07,1er,Edouard Philippe et Marine Le Pen,RAPHAEL GLUCKSMANN,12.00,10.10,13.90
9990,Cluster17,Le Point,1451,2025-09-30,2025-10-01,1er,Hypothèse 4,BRUNO RETAILLEAU,13.00,11.30,14.70
9990,Cluster17,Le Point,1451,2025-09-30,2025-10-01,1er,Hypothèse 4,EDOUARD PHILIPPE,19.50,17.50,21.50
9990,Cluster17,Le Point,1451,2025-09-30,2025-10-01,1er,Hypothèse 4,ERIC ZEMMOUR,5.50,4.30,6.70
9990,Cluster17,Le Point,1451,2025-09-30,2025-10-01,1er,Hypothèse 4,FABIEN ROUSSEL,4.00,3.00,5.00
9990,Cluster17,Le Point,1451,2025-09-30,2025-10-01,1er,Hypothèse 4,JEAN-LUC MELENCHON,14.00,12.20,15.80
9990,Cluster17,Le Point,1451,2025-09-30,2025-10-01,1er,Hypothèse 4,JORDAN BARDELLA,30.00,27.60,32.40
9990,Cluster17,Le Point,1451,2025-09-30,2025-10-01,1er,Hypothèse 4,NATHALIE ARTHAUD,1.50,0.90,2.10
9990,Cluster17,Le Point,1451,2025-09-30,2025-10-01,1er,Hypothèse 4,NICOLAS DUPONT-AIGNAN,4.50,3.40,5.60
9990,Cluster17,Le Point,1451,2025-09-30,2025-10-01,1er,Hypothèse 4,OLIVIER FAURE,8.00,6.60,9.40
9990,Cluster17,Le Point,1451,2025-09-30,2025-10-01,1er,Hypothèse 2,BRUNO RETAILLEAU,14.00,12.20,15.80
9990,Cluster17,Le Point,1451,2025-09-30,2025-10-01,1er,Hypothèse 2,ERIC ZEMMOUR,5.50,4.30,6.70
9990,Cluster17,Le Point,1451,2025-09-30,2025-10-01,1er,Hypothèse 2,FABIEN ROUSSEL,3.00,2.10,3.90
9990,Cluster17,Le Point,1451,2025-09-30,2025-10-01,1er,Hypothèse 2,GABRIEL ATTAL,12.00,10.30,13.70
9990,Cluster17,Le Point,1451,2025-09-30,2025-10-01,1er,Hypothèse 2,JEAN-LUC MELENCHON,15.00,13.20,16.80
9990,Cluster17,Le Point,1451,2025-09-30,2025-10-01,1er,Hypothèse 2,MARINE LE PEN,30.50,28.10,32.90
9990,Cluster17,Le Point,1451,2025-09-30,2025-10-01,1er,Hypothèse 2,NATHALIE ARTHAUD,1.50,0.90,2.10
9990,Cluster17,Le Point,1451,2025-09-30,2025-10-01,1er,Hypothèse 2,NICOLAS DUPONT-AIGNAN,3.50,2.60,4.40
9990,Cluster17,Le Point,1451,2025-09-30,2025-10-01,1er,Hypothèse 2,RAPHAEL GLUCKSMANN,15.00,13.20,16.80
9990,Cluster17,Le Point,1451,2025-09-30,2025-10-01,1er,Hypothèse 1,BRUNO RETAILLEAU,12.00,10.30,13.70
9990,Cluster17,Le Point,1451,2025-09-30,2025-10-01,1er,Hypothèse 1,EDOUARD PHILIPPE,15.00,13.20,16.80
9990,Cluster17,Le Point,1451,2025-09-30,2025-10-01,1er,Hypothèse 1,ERIC ZEMMOUR,5.50,4.30,6.70
9990,Cluster17,Le Point,1451,2025-09-30,2025-10-01,1er,Hypothèse 1,FABIEN ROUSSEL,3.00,2.10,3.90
9990,Cluster17,Le Point,1451,2025-09-30,2025-10-01,1er,Hypothèse 1,JEAN-LUC MELENCHON,15.00,13.20,16.80
9990,Cluster17,Le Point,1451,2025-09-30,2025-10-01,1er,Hypothèse 1,JORDAN BARDELLA,30.00,27.60,32.40
9990,Cluster17,Le Point,1451,2025-09-30,2025-10-01,1er,Hypothèse 1,NATHALIE ARTHAUD,1.00,0.50,1.50
9990,Cluster17,Le Point,1451,2025-09-30,2025-10-01,1er,Hypothèse 1,NICOLAS DUPONT-AIGNAN,3.50,2.60,4.40
9990,Cluster17,Le Point,1451,2025-09-30,2025-10-01,1er,Hypothèse 1,RAPHAEL GLUCKSMANN,15.00,13.20,16.80
9990,Cluster17,Le Point,1451,2025-09-30,2025-10-01,1er,Hypothèse 3,BRUNO RETAILLEAU,12.50,10.80,14.20
9990,Cluster17,Le Point,1451,2025-09-30,2025-10-01,1er,Hypothèse 3,EDOUARD PHILIPPE,19.50,17.50,21.50
9990,Cluster17,Le Point,1451,2025-09-30,2025-10-01,1er,Hypothèse 3,ERIC ZEMMOUR,5.50,4.30,6.70
9990,Cluster17,Le Point,1451,2025-09-30,2025-10-01,1er,Hypothèse 3,FABIEN ROUSSEL,4.00,3.00,5.00
9990,Cluster17,Le Point,1451,2025-09-30,2025-10-01,1er,Hypothèse 3,JEAN-LUC MELENCHON,15.00,13.20,16.80
9990,Cluster17,Le Point,1451,2025-09-30,2025-10-01,1er,Hypothèse 3,JORDAN BARDELLA,31.00,28.60,33.40
9990,Cluster17,Le Point,1451,2025-09-30,2025-10-01,1er,Hypothèse 3,MARINE TONDELIER,7.50,6.10,8.90
9990,Cluster17,Le Point,1451,2025-09-30,2025-10-01,1er,Hypothèse 3,NATHALIE ARTHAUD,1.00,0.50,1.50
9990,Cluster17,Le Point,1451,2025-09-30,2025-10-01,1er,Hypothèse 3,NICOLAS DUPONT-AIGNAN,4.00,3.00,5.00
9987,Ifop,L'Opinion et Sud Radio,1127,2025-09-24,2025-09-25,1er,Hypothèse F. Bayrou candidat du bloc central et J. Bardella candidat du RN,BRUNO RETAILLEAU,13.00,11.00,15.00
9987,Ifop,L'Opinion et Sud Radio,1127,2025-09-24,2025-09-25,1er,Hypothèse F. Bayrou candidat du bloc central et J. Bardella candidat du RN,DOMINIQUE DE VILLEPIN,6.00,4.60,7.40
9987,Ifop,L'Opinion et Sud Radio,1127,2025-09-24,2025-09-25,1er,Hypothèse F. Bayrou candidat du bloc central et J. Bardella candidat du RN,ERIC ZEMMOUR,5.00,3.70,6.30
9987,Ifop,L'Opinion et Sud Radio,1127,2025-09-24,2025-09-25,1er,Hypothèse F. Bayrou candidat du bloc central et J. Bardella candidat du RN,FABIEN ROUSSEL,4.00,2.90,5.10
9987,Ifop,L'Opinion et Sud Radio,1127,2025-09-24,2025-09-25,1er,Hypothèse F. Bayrou candidat du bloc central et J. Bardella candidat du RN,FRANCOIS BAYROU,3.00,2.00,4.00
9987,Ifop,L'Opinion et Sud Radio,1127,2025-09-24,2025-09-25,1er,Hypothèse F. Bayrou candidat du bloc central et J. Bardella candidat du RN,JEAN-LUC MELENCHON,13.00,11.00,15.00
9987,Ifop,L'Opinion et Sud Radio,1127,2025-09-24,2025-09-25,1er,Hypothèse F. Bayrou candidat du bloc central et J. Bardella candidat du RN,JORDAN BARDELLA,35.00,32.20,37.80
9987,Ifop,L'Opinion et Sud Radio,1127,2025-09-24,2025-09-25,1er,Hypothèse F. Bayrou candidat du bloc central et J. Bardella candidat du RN,NATHALIE ARTHAUD,2.00,1.20,2.80
9987,Ifop,L'Opinion et Sud Radio,1127,2025-09-24,2025-09-25,1er,Hypothèse F. Bayrou candidat du bloc central et J. Bardella candidat du RN,NICOLAS DUPONT-AIGNAN,3.00,2.00,4.00
9987,Ifop,L'Opinion et Sud Radio,1127,2025-09-24,2025-09-25,1er,Hypothèse F. Bayrou candidat du bloc central et J. Bardella candidat du RN,RAPHAEL GLUCKSMANN,16.00,13.90,18.10
9987,Ifop,L'Opinion et Sud Radio,1127,2025-09-24,2025-09-25,1er,"Hypothèse O. Faure candidat de PP et du PS, E. Philippe candidat du bloc central et J. Bardella candidat du RN",BRUNO RETAILLEAU,10.00,8.20,11.80
9987,Ifop,L'Opinion et Sud Radio,1127,2025-09-24,2025-09-25,1er,"Hypothèse O. Faure candidat de PP et du PS, E. Philippe candidat du bloc central et J. Bardella candidat du RN",DOMINIQUE DE VILLEPIN,4.50,3.30,5.70
9987,Ifop,L'Opinion et Sud Radio,1127,2025-09-24,2025-09-25,1er,"Hypothèse O. Faure candidat de PP et du PS, E. Philippe candidat du bloc central et J. Bardella candidat du RN",EDOUARD PHILIPPE,19.00,16.70,21.30
9987,Ifop,L'Opinion et Sud Radio,1127,2025-09-24,2025-09-25,1er,"Hypothèse O. Faure candidat de PP et du PS, E. Philippe candidat du bloc central et J. Bardella candidat du RN",ERIC ZEMMOUR,4.50,3.30,5.70
9987,Ifop,L'Opinion et Sud Radio,1127,2025-09-24,2025-09-25,1er,"Hypothèse O. Faure candidat de PP et du PS, E. Philippe candidat du bloc central et J. Bardella candidat du RN",FABIEN ROUSSEL,5.00,3.70,6.30
9987,Ifop,L'Opinion et Sud Radio,1127,2025-09-24,2025-09-25,1er,"Hypothèse O. Faure candidat de PP et du PS, E. Philippe candidat du bloc central et J. Bardella candidat du RN",JEAN-LUC MELENCHON,13.00,11.00,15.00
9987,Ifop,L'Opinion et Sud Radio,1127,2025-09-24,2025-09-25,1er,"Hypothèse O. Faure candidat de PP et du PS, E. Philippe candidat du bloc central et J. Bardella candidat du RN",JORDAN BARDELLA,34.00,31.20,36.80
9987,Ifop,L'Opinion et Sud Radio,1127,2025-09-24,2025-09-25,1er,"Hypothèse O. Faure candidat de PP et du PS, E. Philippe candidat du bloc central et J. Bardella candidat du RN",NATHALIE ARTHAUD,1.00,0.40,1.60
9987,Ifop,L'Opinion et Sud Radio,1127,2025-09-24,2025-09-25,1er,"Hypothèse O. Faure candidat de PP et du PS, E. Philippe candidat du bloc central et J. Bardella candidat du RN",NICOLAS DUPONT-AIGNAN,2.00,1.20,2.80
9987,Ifop,L'Opinion et Sud Radio,1127,2025-09-24,2025-09-25,1er,"Hypothèse O. Faure candidat de PP et du PS, E. Philippe candidat du bloc central et J. Bardella candidat du RN",OLIVIER FAURE,7.00,5.50,8.50
9987,Ifop,L'Opinion et Sud Radio,1127,2025-09-24,2025-09-25,1er,Hypothèse E. Philippe candidat du bloc central et J. Bardella candidat du RN,BRUNO RETAILLEAU,9.00,7.30,10.70
9987,Ifop,L'Opinion et Sud Radio,1127,2025-09-24,2025-09-25,1er,Hypothèse E. Philippe candidat du bloc central et J. Bardella candidat du RN,DOMINIQUE DE VILLEPIN,4.00,2.90,5.10
9987,Ifop,L'Opinion et Sud Radio,1127,2025-09-24,2025-09-25,1er,Hypothèse E. Philippe candidat du bloc central et J. Bardella candidat du RN,EDOUARD PHILIPPE,16.00,13.90,18.10
9987,Ifop,L'Opinion et Sud Radio,1127,2025-09-24,2025-09-25,1er,Hypothèse E. Philippe candidat du bloc central et J. Bardella candidat du RN,ERIC ZEMMOUR,4.50,3.30,5.70
9987,Ifop,L'Opinion et Sud Radio,1127,2025-09-24,2025-09-25,1er,Hypothèse E. Philippe candidat du bloc central et J. Bardella candidat du RN,FABIEN ROUSSEL,3.50,2.40,4.60
9987,Ifop,L'Opinion et Sud Radio,1127,2025-09-24,2025-09-25,1er,Hypothèse E. Philippe candidat du bloc central et J. Bardella candidat du RN,JEAN-LUC MELENCHON,12.00,10.10,13.90
9987,Ifop,L'Opinion et Sud Radio,1127,2025-09-24,2025-09-25,1er,Hypothèse E. Philippe candidat du bloc central et J. Bardella candidat du RN,JORDAN BARDELLA,33.00,30.30,35.70
9987,Ifop,L'Opinion et Sud Radio,1127,2025-09-24,2025-09-25,1er,Hypothèse E. Philippe candidat du bloc central et J. Bardella candidat du RN,NATHALIE ARTHAUD,1.00,0.40,1.60
9987,Ifop,L'Opinion et Sud Radio,1127,2025-09-24,2025-09-25,1er,Hypothèse E. Philippe candidat du bloc central et J. Bardella candidat du RN,NICOLAS DUPONT-AIGNAN,2.00,1.20,2.80
9987,Ifop,L'Opinion et Sud Radio,1127,2025-09-24,2025-09-25,1er,Hypothèse E. Philippe candidat du bloc central et J. Bardella candidat du RN,RAPHAEL GLUCKSMANN,15.00,12.90,17.10
9987,Ifop,L'Opinion et Sud Radio,1127,2025-09-24,2025-09-25,1er,Hypothèse E. Philippe candidat du bloc central et M. Le Pen candidate du RN,BRUNO RETAILLEAU,9.00,7.30,10.70
9987,Ifop,L'Opinion et Sud Radio,1127,2025-09-24,2025-09-25,1er,Hypothèse E. Philippe candidat du bloc central et M. Le Pen candidate du RN,DOMINIQUE DE VILLEPIN,5.00,3.70,6.30
9987,Ifop,L'Opinion et Sud Radio,1127,2025-09-24,2025-09-25,1er,Hypothèse E. Philippe candidat du bloc central et M. Le Pen candidate du RN,EDOUARD PHILIPPE,16.00,13.90,18.10
9987,Ifop,L'Opinion et Sud Radio,1127,2025-09-24,2025-09-25,1er,Hypothèse E. Philippe candidat du bloc central et M. Le Pen candidate du RN,ERIC ZEMMOUR,4.00,2.90,5.10
9987,Ifop,L'Opinion et Sud Radio,1127,2025-09-24,2025-09-25,1er,Hypothèse E. Philippe candidat du bloc central et M. Le Pen candidate du RN,FABIEN ROUSSEL,3.00,2.00,4.00
9987,Ifop,L'Opinion et Sud Radio,1127,2025-09-24,2025-09-25,1er,Hypothèse E. Philippe candidat du bloc central et M. Le Pen candidate du RN,JEAN-LUC MELENCHON,12.00,10.10,13.90
9987,Ifop,L'Opinion et Sud Radio,1127,2025-09-24,2025-09-25,1er,Hypothèse E. Philippe candidat du bloc central et M. Le Pen candidate du RN,MARINE LE PEN,33.00,30.30,35.70
9987,Ifop,L'Opinion et Sud Radio,1127,2025-09-24,2025-09-25,1er,Hypothèse E. Philippe candidat du bloc central et M. Le Pen candidate du RN,NATHALIE ARTHAUD,1.00,0.40,1.60
9987,Ifop,L'Opinion et Sud Radio,1127,2025-09-24,2025-09-25,1er,Hypothèse E. Philippe candidat du bloc central et M. Le Pen candidate du RN,NICOLAS DUPONT-AIGNAN,2.00,1.20,2.80
9987,Ifop,L'Opinion et Sud Radio,1127,2025-09-24,2025-09-25,1er,Hypothèse E. Philippe candidat du bloc central et M. Le Pen candidate du RN,RAPHAEL GLUCKSMANN,15.00,12.90,17.10
9987,Ifop,L'Opinion et Sud Radio,1127,2025-09-24,2025-09-25,1er,Hypothèse G. Darmanin candidat du bloc central et J. Bardella candidat du RN,BRUNO RETAILLEAU,13.00,11.00,15.00
9987,Ifop,L'Opinion et Sud Radio,1127,2025-09-24,2025-09-25,1er,Hypothèse G. Darmanin candidat du bloc central et J. Bardella candidat du RN,DOMINIQUE DE VILLEPIN,5.00,3.70,6.30
9987,Ifop,L'Opinion et Sud Radio,1127,2025-09-24,2025-09-25,1er,Hypothèse G. Darmanin candidat du bloc central et J. Bardella candidat du RN,ERIC ZEMMOUR,4.00,2.90,5.10
9987,Ifop,L'Opinion et Sud Radio,1127,2025-09-24,2025-09-25,1er,Hypothèse G. Darmanin candidat du bloc central et J. Bardella candidat du RN,FABIEN ROUSSEL,4.00,2.90,5.10
9987,Ifop,L'Opinion et Sud Radio,1127,2025-09-24,2025-09-25,1er,Hypothèse G. Darmanin candidat du bloc central et J. Bardella candidat du RN,GERALD DARMANIN,7.00,5.50,8.50
9987,Ifop,L'Opinion et Sud Radio,1127,2025-09-24,2025-09-25,1er,Hypothèse G. Darmanin candidat du bloc central et J. Bardella candidat du RN,JEAN-LUC MELENCHON,13.00,11.00,15.00
9987,Ifop,L'Opinion et Sud Radio,1127,2025-09-24,2025-09-25,1er,Hypothèse G. Darmanin candidat du bloc central et J. Bardella candidat du RN,JORDAN BARDELLA,35.00,32.20,37.80
9987,Ifop,L'Opinion et Sud Radio,1127,2025-09-24,2025-09-25,1er,Hypothèse G. Darmanin candidat du bloc central et J. Bardella candidat du RN,NATHALIE ARTHAUD,1.00,0.40,1.60
9987,Ifop,L'Opinion et Sud Radio,1127,2025-09-24,2025-09-25,1er,Hypothèse G. Darmanin candidat du bloc central et J. Bardella candidat du RN,NICOLAS DUPONT-AIGNAN,2.00,1.20,2.80
9987,Ifop,L'Opinion et Sud Radio,1127,2025-09-24,2025-09-25,1er,Hypothèse G. Darmanin candidat du bloc central et J. Bardella candidat du RN,RAPHAEL GLUCKSMANN,16.00,13.90,18.10
9987,Ifop,L'Opinion et Sud Radio,1127,2025-09-24,2025-09-25,1er,Hypothèse G. Attal candidat du bloc central et J. Bardella candidat du RN,BRUNO RETAILLEAU,12.00,10.10,13.90
9987,Ifop,L'Opinion et Sud Radio,1127,2025-09-24,2025-09-25,1er,Hypothèse G. Attal candidat du bloc central et J. Bardella candidat du RN,DOMINIQUE DE VILLEPIN,4.00,2.90,5.10
9987,Ifop,L'Opinion et Sud Radio,1127,2025-09-24,2025-09-25,1er,Hypothèse G. Attal candidat du bloc central et J. Bardella candidat du RN,ERIC ZEMMOUR,5.00,3.70,6.30
9987,Ifop,L'Opinion et Sud Radio,1127,2025-09-24,2025-09-25,1er,Hypothèse G. Attal candidat du bloc central et J. Bardella candidat du RN,FABIEN ROUSSEL,4.00,2.90,5.10
9987,Ifop,L'Opinion et Sud Radio,1127,2025-09-24,2025-09-25,1er,Hypothèse G. Attal candidat du bloc central et J. Bardella candidat du RN,GABRIEL ATTAL,10.00,8.20,11.80
9987,Ifop,L'Opinion et Sud Radio,1127,2025-09-24,2025-09-25,1er,Hypothèse G. Attal candidat du bloc central et J. Bardella candidat du RN,JEAN-LUC MELENCHON,13.00,11.00,15.00
9987,Ifop,L'Opinion et Sud Radio,1127,2025-09-24,2025-09-25,1er,Hypothèse G. Attal candidat du bloc central et J. Bardella candidat du RN,JORDAN BARDELLA,34.00,31.20,36.80
9987,Ifop,L'Opinion et Sud Radio,1127,2025-09-24,2025-09-25,1er,Hypothèse G. Attal candidat du bloc central et J. Bardella candidat du RN,NATHALIE ARTHAUD,1.50,0.80,2.20
9987,Ifop,L'Opinion et Sud Radio,1127,2025-09-24,2025-09-25,1er,Hypothèse G. Attal candidat du bloc central et J. Bardella candidat du RN,NICOLAS DUPONT-AIGNAN,2.50,1.60,3.40
9987,Ifop,L'Opinion et Sud Radio,1127,2025-09-24,2025-09-25,1er,Hypothèse G. Attal candidat du bloc central et J. Bardella candidat du RN,RAPHAEL GLUCKSMANN,14.00,12.00,16.00
9944,Ifop,Le Figaro et Sud Radio,1114,2025-05-19,2025-05-20,1er,Hypothèse Jordan Bardella,BRUNO RETAILLEAU,16.00,13.80,18.20
9944,Ifop,Le Figaro et Sud Radio,1114,2025-05-19,2025-05-20,1er,Hypothèse Jordan Bardella,EDOUARD PHILIPPE,21.00,18.60,23.40
9944,Ifop,Le Figaro et Sud Radio,1114,2025-05-19,2025-05-20,1er,Hypothèse Jordan Bardella,ERIC ZEMMOUR,3.50,2.40,4.60
9944,Ifop,Le Figaro et Sud Radio,1114,2025-05-19,2025-05-20,1er,Hypothèse Jordan Bardella,FABIEN ROUSSEL,3.50,2.40,4.60
9944,Ifop,Le Figaro et Sud Radio,1114,2025-05-19,2025-05-20,1er,Hypothèse Jordan Bardella,JEAN-LUC MELENCHON,13.00,11.00,15.00
9944,Ifop,Le Figaro et Sud Radio,1114,2025-05-19,2025-05-20,1er,Hypothèse Jordan Bardella,JORDAN BARDELLA,31.00,28.30,33.70
9944,Ifop,Le Figaro et Sud Radio,1114,2025-05-19,2025-05-20,1er,Hypothèse Jordan Bardella,MARINE TONDELIER,4.50,3.30,5.70
9944,Ifop,Le Figaro et Sud Radio,1114,2025-05-19,2025-05-20,1er,Hypothèse Jordan Bardella,NATHALIE ARTHAUD,1.00,0.40,1.60
9944,Ifop,Le Figaro et Sud Radio,1114,2025-05-19,2025-05-20,1er,Hypothèse Jordan Bardella,NICOLAS DUPONT-AIGNAN,2.00,1.20,2.80
9944,Ifop,Le Figaro et Sud Radio,1114,2025-05-19,2025-05-20,1er,Hypothèse Jordan Bardella,OLIVIER FAURE,4.50,3.30,5.70
9944,Ifop,Le Figaro et Sud Radio,1114,2025-05-19,2025-05-20,1er,Hypothèse Marine Le Pen,BRUNO RETAILLEAU,16.00,13.80,18.20
9944,Ifop,Le Figaro et Sud Radio,1114,2025-05-19,2025-05-20,1er,Hypothèse Marine Le Pen,EDOUARD PHILIPPE,21.00,18.60,23.40
9944,Ifop,Le Figaro et Sud Radio,1114,2025-05-19,2025-05-20,1er,Hypothèse Marine Le Pen,ERIC ZEMMOUR,3.00,2.00,4.00
9944,Ifop,Le Figaro et Sud Radio,1114,2025-05-19,2025-05-20,1er,Hypothèse Marine Le Pen,FABIEN ROUSSEL,3.00,2.00,4.00
9944,Ifop,Le Figaro et Sud Radio,1114,2025-05-19,2025-05-20,1er,Hypothèse Marine Le Pen,JEAN-LUC MELENCHON,13.50,11.50,15.50
9944,Ifop,Le Figaro et Sud Radio,1114,2025-05-19,2025-05-20,1er,Hypothèse Marine Le Pen,MARINE LE PEN,31.00,28.30,33.70
9944,Ifop,Le Figaro et Sud Radio,1114,2025-05-19,2025-05-20,1er,Hypothèse Marine Le Pen,MARINE TONDELIER,5.00,3.70,6.30
9944,Ifop,Le Figaro et Sud Radio,1114,2025-05-19,2025-05-20,1er,Hypothèse Marine Le Pen,NATHALIE ARTHAUD,1.00,0.40,1.60
9944,Ifop,Le Figaro et Sud Radio,1114,2025-05-19,2025-05-20,1er,Hypothèse Marine Le Pen,NICOLAS DUPONT-AIGNAN,2.00,1.20,2.80
9944,Ifop,Le Figaro et Sud Radio,1114,2025-05-19,2025-05-20,1er,Hypothèse Marine Le Pen,OLIVIER FAURE,4.50,3.30,5.70
9942,Toluna,LCI,1071,2025-05-19,2025-05-19,1er,Gabriel Attal et Marine Le Pen,BRUNO RETAILLEAU,16.00,13.80,18.20
9942,Toluna,LCI,1071,2025-05-19,2025-05-19,1er,Gabriel Attal et Marine Le Pen,ERIC ZEMMOUR,5.00,3.70,6.30
9942,Toluna,LCI,1071,2025-05-19,2025-05-19,1er,Gabriel Attal et Marine Le Pen,FABIEN ROUSSEL,3.00,2.00,4.00
9942,Toluna,LCI,1071,2025-05-19,2025-05-19,1er,Gabriel Attal et Marine Le Pen,GABRIEL ATTAL,15.00,12.90,17.10
9942,Toluna,LCI,1071,2025-05-19,2025-05-19,1er,Gabriel Attal et Marine Le Pen,JEAN-LUC MELENCHON,15.00,12.90,17.10
9942,Toluna,LCI,1071,2025-05-19,2025-05-19,1er,Gabriel Attal et Marine Le Pen,MARINE LE PEN,31.00,28.20,33.80
9942,Toluna,LCI,1071,2025-05-19,2025-05-19,1er,Gabriel Attal et Marine Le Pen,MARINE TONDELIER,3.00,2.00,4.00
9942,Toluna,LCI,1071,2025-05-19,2025-05-19,1er,Gabriel Attal et Marine Le Pen,NATHALIE ARTHAUD,1.00,0.40,1.60
9942,Toluna,LCI,1071,2025-05-19,2025-05-19,1er,Gabriel Attal et Marine Le Pen,RAPHAEL GLUCKSMANN,11.00,9.10,12.90
9942,Toluna,LCI,1071,2025-05-19,2025-05-19,1er,Gabriel Attal et Jordan Bardella,BRUNO RETAILLEAU,17.00,14.80,19.20
9942,Toluna,LCI,1071,2025-05-19,2025-05-19,1er,Gabriel Attal et Jordan Bardella,ERIC ZEMMOUR,5.00,3.70,6.30
9942,Toluna,LCI,1071,2025-05-19,2025-05-19,1er,Gabriel Attal et Jordan Bardella,FABIEN ROUSSEL,3.00,2.00,4.00
9942,Toluna,LCI,1071,2025-05-19,2025-05-19,1er,Gabriel Attal et Jordan Bardella,GABRIEL ATTAL,15.00,12.90,17.10
9942,Toluna,LCI,1071,2025-05-19,2025-05-19,1er,Gabriel Attal et Jordan Bardella,JEAN-LUC MELENCHON,14.00,11.90,16.10
9942,Toluna,LCI,1071,2025-05-19,2025-05-19,1er,Gabriel Attal et Jordan Bardella,JORDAN BARDELLA,31.00,28.20,33.80
9942,Toluna,LCI,1071,2025-05-19,2025-05-19,1er,Gabriel Attal et Jordan Bardella,MARINE TONDELIER,3.00,2.00,4.00
9942,Toluna,LCI,1071,2025-05-19,2025-05-19,1er,Gabriel Attal et Jordan Bardella,NATHALIE ARTHAUD,1.00,0.40,1.60
9942,Toluna,LCI,1071,2025-05-19,2025-05-19,1er,Gabriel Attal et Jordan Bardella,RAPHAEL GLUCKSMANN,11.00,9.10,12.90
9942,Toluna,LCI,1071,2025-05-19,2025-05-19,1er,Edouard Philippe et Jordan Bardella,BRUNO RETAILLEAU,13.00,11.00,15.00
9942,Toluna,LCI,1071,2025-05-19,2025-05-19,1er,Edouard Philippe et Jordan Bardella,EDOUARD PHILIPPE,21.00,18.60,23.40
9942,Toluna,LCI,1071,2025-05-19,2025-05-19,1er,Edouard Philippe et Jordan Bardella,ERIC ZEMMOUR,5.00,3.70,6.30
9942,Toluna,LCI,1071,2025-05-19,2025-05-19,1er,Edouard Philippe et Jordan Bardella,FABIEN ROUSSEL,3.00,2.00,4.00
9942,Toluna,LCI,1071,2025-05-19,2025-05-19,1er,Edouard Philippe et Jordan Bardella,JEAN-LUC MELENCHON,14.00,11.90,16.10
9942,Toluna,LCI,1071,2025-05-19,2025-05-19,1er,Edouard Philippe et Jordan Bardella,JORDAN BARDELLA,30.00,27.30,32.70
9942,Toluna,LCI,1071,2025-05-19,2025-05-19,1er,Edouard Philippe et Jordan Bardella,MARINE TONDELIER,3.00,2.00,4.00
9942,Toluna,LCI,1071,2025-05-19,2025-05-19,1er,Edouard Philippe et Jordan Bardella,NATHALIE ARTHAUD,1.00,0.40,1.60
9942,Toluna,LCI,1071,2025-05-19,2025-05-19,1er,Edouard Philippe et Jordan Bardella,RAPHAEL GLUCKSMANN,10.00,8.20,11.80
9942,Toluna,LCI,1071,2025-05-19,2025-05-19,1er,Edouard Philippe et Marine Le Pen,BRUNO RETAILLEAU,12.00,10.10,13.90
9942,Toluna,LCI,1071,2025-05-19,2025-05-19,1er,Edouard Philippe et Marine Le Pen,EDOUARD PHILIPPE,21.00,18.60,23.40
9942,Toluna,LCI,1071,2025-05-19,2025-05-19,1er,Edouard Philippe et Marine Le Pen,ERIC ZEMMOUR,5.00,3.70,6.30
9942,Toluna,LCI,1071,2025-05-19,2025-05-19,1er,Edouard Philippe et Marine Le Pen,FABIEN ROUSSEL,3.00,2.00,4.00
9942,Toluna,LCI,1071,2025-05-19,2025-05-19,1er,Edouard Philippe et Marine Le Pen,JEAN-LUC MELENCHON,14.00,11.90,16.10
9942,Toluna,LCI,1071,2025-05-19,2025-05-19,1er,Edouard Philippe et Marine Le Pen,MARINE LE PEN,31.00,28.20,33.80
9942,Toluna,LCI,1071,2025-05-19,2025-05-19,1er,Edouard Philippe et Marine Le Pen,MARINE TONDELIER,3.00,2.00,4.00
9942,Toluna,LCI,1071,2025-05-19,2025-05-19,1er,Edouard Philippe et Marine Le Pen,NATHALIE ARTHAUD,1.00,0.40,1.60
9942,Toluna,LCI,1071,2025-05-19,2025-05-19,1er,Edouard Philippe et Marine Le Pen,RAPHAEL GLUCKSMANN,10.00,8.20,11.80
9925,Odoxa,Public Sénat et la Presse Régionale,929,2025-04-23,2025-04-24,1er,Jordan Bardella,BRUNO RETAILLEAU,9.50,7.60,11.40
9925,Odoxa,Public Sénat et la Presse Régionale,929,2025-04-23,2025-04-24,1er,Jordan Bardella,EDOUARD PHILIPPE,20.00,17.40,22.60
9925,Odoxa,Public Sénat et la Presse Régionale,929,2025-04-23,2025-04-24,1er,Jordan Bardella,ERIC ZEMMOUR,3.00,1.90,4.10
9925,Odoxa,Public Sénat et la Presse Régionale,929,2025-04-23,2025-04-24,1er,Jordan Bardella,FABIEN ROUSSEL,3.00,1.90,4.10
9925,Odoxa,Public Sénat et la Presse Régionale,929,2025-04-23,2025-04-24,1er,Jordan Bardella,JEAN-LUC MELENCHON,12.00,9.90,14.10
9925,Odoxa,Public Sénat et la Presse Régionale,929,2025-04-23,2025-04-24,1er,Jordan Bardella,JORDAN BARDELLA,31.50,28.50,34.50
9925,Odoxa,Public Sénat et la Presse Régionale,929,2025-04-23,2025-04-24,1er,Jordan Bardella,MARINE TONDELIER,4.00,2.70,5.30
9925,Odoxa,Public Sénat et la Presse Régionale,929,2025-04-23,2025-04-24,1er,Jordan Bardella,NATHALIE ARTHAUD,1.00,0.40,1.60
9925,Odoxa,Public Sénat et la Presse Régionale,929,2025-04-23,2025-04-24,1er,Jordan Bardella,NICOLAS DUPONT-AIGNAN,2.00,1.10,2.90
9925,Odoxa,Public Sénat et la Presse Régionale,929,2025-04-23,2025-04-24,1er,Jordan Bardella,PHILIPPE POUTOU,2.00,1.10,2.90
9925,Odoxa,Public Sénat et la Presse Régionale,929,2025-04-23,2025-04-24,1er,Jordan Bardella,RAPHAEL GLUCKSMANN,12.00,9.90,14.10
9925,Odoxa,Public Sénat et la Presse Régionale,929,2025-04-23,2025-04-24,1er,Marine Le Pen,BRUNO RETAILLEAU,10.00,8.10,11.90
9925,Odoxa,Public Sénat et la Presse Régionale,929,2025-04-23,2025-04-24,1er,Marine Le Pen,EDOUARD PHILIPPE,20.50,17.90,23.10
9925,Odoxa,Public Sénat et la Presse Régionale,929,2025-04-23,2025-04-24,1er,Marine Le Pen,ERIC ZEMMOUR,3.00,1.90,4.10
9925,Odoxa,Public Sénat et la Presse Régionale,929,2025-04-23,2025-04-24,1er,Marine Le Pen,FABIEN ROUSSEL,3.00,1.90,4.10
9925,Odoxa,Public Sénat et la Presse Régionale,929,2025-04-23,2025-04-24,1er,Marine Le Pen,JEAN-LUC MELENCHON,12.00,9.90,14.10
9925,Odoxa,Public Sénat et la Presse Régionale,929,2025-04-23,2025-04-24,1er,Marine Le Pen,MARINE LE PEN,32.00,29.00,35.00
9925,Odoxa,Public Sénat et la Presse Régionale,929,2025-04-23,2025-04-24,1er,Marine Le Pen,MARINE TONDELIER,3.00,1.90,4.10
9925,Odoxa,Public Sénat et la Presse Régionale,929,2025-04-23,2025-04-24,1er,Marine Le Pen,NATHALIE ARTHAUD,1.00,0.40,1.60
9925,Odoxa,Public Sénat et la Presse Régionale,929,2025-04-23,2025-04-24,1er,Marine Le Pen,NICOLAS DUPONT-AIGNAN,2.00,1.10,2.90
9925,Odoxa,Public Sénat et la Presse Régionale,929,2025-04-23,2025-04-24,1er,Marine Le Pen,PHILIPPE POUTOU,2.00,1.10,2.90
9925,Odoxa,Public Sénat et la Presse Régionale,929,2025-04-23,2025-04-24,1er,Marine Le Pen,RAPHAEL GLUCKSMANN,11.50,9.40,13.60
9916,Elabe,"BFMTV, La Tribune Dimanche",1413,2025-04-02,2025-04-04,1er,Configuration 1,BRUNO RETAILLEAU,8.00,6.60,9.40
9916,Elabe,"BFMTV, La Tribune Dimanche",1413,2025-04-02,2025-04-04,1er,Configuration 1,EDOUARD PHILIPPE,23.50,21.30,25.70
9916,Elabe,"BFMTV, La Tribune Dimanche",1413,2025-04-02,2025-04-04,1er,Configuration 1,ERIC ZEMMOUR,3.50,2.50,4.50
9916,Elabe,"BFMTV, La Tribune Dimanche",1413,2025-04-02,2025-04-04,1er,Configuration 1,FABIEN ROUSSEL,6.00,4.80,7.20
9916,Elabe,"BFMTV, La Tribune Dimanche",1413,2025-04-02,2025-04-04,1er,Configuration 1,FRANCOIS HOLLANDE,5.50,4.30,6.70
9916,Elabe,"BFMTV, La Tribune Dimanche",1413,2025-04-02,2025-04-04,1er,Configuration 1,JEAN-LUC MELENCHON,10.00,8.40,11.60
9916,Elabe,"BFMTV, La Tribune Dimanche",1413,2025-04-02,2025-04-04,1er,Configuration 1,MARINE LE PEN,32.00,29.60,34.40
9916,Elabe,"BFMTV, La Tribune Dimanche",1413,2025-04-02,2025-04-04,1er,Configuration 1,MARINE TONDELIER,5.50,4.30,6.70
9916,Elabe,"BFMTV, La Tribune Dimanche",1413,2025-04-02,2025-04-04,1er,Configuration 1,NATHALIE ARTHAUD,1.00,0.50,1.50
9916,Elabe,"BFMTV, La Tribune Dimanche",1413,2025-04-02,2025-04-04,1er,Configuration 1,NICOLAS DUPONT-AIGNAN,3.00,2.10,3.90
9916,Elabe,"BFMTV, La Tribune Dimanche",1413,2025-04-02,2025-04-04,1er,Configuration 1,PHILIPPE POUTOU,2.00,1.30,2.70
9916,Elabe,"BFMTV, La Tribune Dimanche",1413,2025-04-02,2025-04-04,1er,Configuration 6,DOMINIQUE DE VILLEPIN,5.00,3.90,6.10
9916,Elabe,"BFMTV, La Tribune Dimanche",1413,2025-04-02,2025-04-04,1er,Configuration 6,ERIC ZEMMOUR,5.00,3.90,6.10
9916,Elabe,"BFMTV, La Tribune Dimanche",1413,2025-04-02,2025-04-04,1er,Configuration 6,FABIEN ROUSSEL,5.50,4.30,6.70
9916,Elabe,"BFMTV, La Tribune Dimanche",1413,2025-04-02,2025-04-04,1er,Configuration 6,GABRIEL ATTAL,18.00,16.00,20.00
9916,Elabe,"BFMTV, La Tribune Dimanche",1413,2025-04-02,2025-04-04,1er,Configuration 6,JEAN-LUC MELENCHON,10.50,8.90,12.10
9916,Elabe,"BFMTV, La Tribune Dimanche",1413,2025-04-02,2025-04-04,1er,Configuration 6,JORDAN BARDELLA,35.50,33.00,38.00
9916,Elabe,"BFMTV, La Tribune Dimanche",1413,2025-04-02,2025-04-04,1er,Configuration 6,LAURENT WAUQUIEZ,4.50,3.40,5.60
9916,Elabe,"BFMTV, La Tribune Dimanche",1413,2025-04-02,2025-04-04,1er,Configuration 6,MARINE TONDELIER,4.50,3.40,5.60
9916,Elabe,"BFMTV, La Tribune Dimanche",1413,2025-04-02,2025-04-04,1er,Configuration 6,NATHALIE ARTHAUD,1.50,0.90,2.10
9916,Elabe,"BFMTV, La Tribune Dimanche",1413,2025-04-02,2025-04-04,1er,Configuration 6,NICOLAS DUPONT-AIGNAN,4.00,3.00,5.00
9916,Elabe,"BFMTV, La Tribune Dimanche",1413,2025-04-02,2025-04-04,1er,Configuration 6,OLIVIER FAURE,4.00,3.00,5.00
9916,Elabe,"BFMTV, La Tribune Dimanche",1413,2025-04-02,2025-04-04,1er,Configuration 6,PHILIPPE POUTOU,2.00,1.30,2.70
9916,Elabe,"BFMTV, La Tribune Dimanche",1413,2025-04-02,2025-04-04,1er,Configuration 4,EDOUARD PHILIPPE,24.00,21.80,26.20
9916,Elabe,"BFMTV, La Tribune Dimanche",1413,2025-04-02,2025-04-04,1er,Configuration 4,ERIC ZEMMOUR,3.50,2.50,4.50
9916,Elabe,"BFMTV, La Tribune Dimanche",1413,2025-04-02,2025-04-04,1er,Configuration 4,FABIEN ROUSSEL,5.00,3.90,6.10
9916,Elabe,"BFMTV, La Tribune Dimanche",1413,2025-04-02,2025-04-04,1er,Configuration 4,JEAN-LUC MELENCHON,9.50,8.00,11.00
9916,Elabe,"BFMTV, La Tribune Dimanche",1413,2025-04-02,2025-04-04,1er,Configuration 4,LAURENT WAUQUIEZ,4.50,3.40,5.60
9916,Elabe,"BFMTV, La Tribune Dimanche",1413,2025-04-02,2025-04-04,1er,Configuration 4,MARINE LE PEN,33.50,31.00,36.00
9916,Elabe,"BFMTV, La Tribune Dimanche",1413,2025-04-02,2025-04-04,1er,Configuration 4,MARINE TONDELIER,4.00,3.00,5.00
9916,Elabe,"BFMTV, La Tribune Dimanche",1413,2025-04-02,2025-04-04,1er,Configuration 4,NATHALIE ARTHAUD,0.50,0.10,0.90
9916,Elabe,"BFMTV, La Tribune Dimanche",1413,2025-04-02,2025-04-04,1er,Configuration 4,NICOLAS DUPONT-AIGNAN,3.00,2.10,3.90
9916,Elabe,"BFMTV, La Tribune Dimanche",1413,2025-04-02,2025-04-04,1er,Configuration 4,PHILIPPE POUTOU,2.00,1.30,2.70
9916,Elabe,"BFMTV, La Tribune Dimanche",1413,2025-04-02,2025-04-04,1er,Configuration 4,RAPHAEL GLUCKSMANN,10.50,8.90,12.10
9916,Elabe,"BFMTV, La Tribune Dimanche",1413,2025-04-02,2025-04-04,1er,Configuration 2,BRUNO RETAILLEAU,9.00,7.50,10.50
9916,Elabe,"BFMTV, La Tribune Dimanche",1413,2025-04-02,2025-04-04,1er,Configuration 2,EDOUARD PHILIPPE,23.00,20.80,25.20
9916,Elabe,"BFMTV, La Tribune Dimanche",1413,2025-04-02,2025-04-04,1er,Configuration 2,ERIC ZEMMOUR,4.00,3.00,5.00
9916,Elabe,"BFMTV, La Tribune Dimanche",1413,2025-04-02,2025-04-04,1er,Configuration 2,FABIEN ROUSSEL,5.50,4.30,6.70
9916,Elabe,"BFMTV, La Tribune Dimanche",1413,2025-04-02,2025-04-04,1er,Configuration 2,FRANCOIS HOLLANDE,6.00,4.80,7.20
9916,Elabe,"BFMTV, La Tribune Dimanche",1413,2025-04-02,2025-04-04,1er,Configuration 2,JEAN-LUC MELENCHON,10.00,8.40,11.60
9916,Elabe,"BFMTV, La Tribune Dimanche",1413,2025-04-02,2025-04-04,1er,Configuration 2,JORDAN BARDELLA,31.50,29.10,33.90
9916,Elabe,"BFMTV, La Tribune Dimanche",1413,2025-04-02,2025-04-04,1er,Configuration 2,MARINE TONDELIER,6.00,4.80,7.20
9916,Elabe,"BFMTV, La Tribune Dimanche",1413,2025-04-02,2025-04-04,1er,Configuration 2,NATHALIE ARTHAUD,1.00,0.50,1.50
9916,Elabe,"BFMTV, La Tribune Dimanche",1413,2025-04-02,2025-04-04,1er,Configuration 2,NICOLAS DUPONT-AIGNAN,2.50,1.70,3.30
9916,Elabe,"BFMTV, La Tribune Dimanche",1413,2025-04-02,2025-04-04,1er,Configuration 2,PHILIPPE POUTOU,1.50,0.90,2.10
9916,Elabe,"BFMTV, La Tribune Dimanche",1413,2025-04-02,2025-04-04,1er,Configuration 3,BRUNO RETAILLEAU,8.50,7.00,10.00
9916,Elabe,"BFMTV, La Tribune Dimanche",1413,2025-04-02,2025-04-04,1er,Configuration 3,DOMINIQUE DE VILLEPIN,2.50,1.70,3.30
9916,Elabe,"BFMTV, La Tribune Dimanche",1413,2025-04-02,2025-04-04,1er,Configuration 3,EDOUARD PHILIPPE,20.50,18.40,22.60
9916,Elabe,"BFMTV, La Tribune Dimanche",1413,2025-04-02,2025-04-04,1er,Configuration 3,ERIC ZEMMOUR,4.00,3.00,5.00
9916,Elabe,"BFMTV, La Tribune Dimanche",1413,2025-04-02,2025-04-04,1er,Configuration 3,FABIEN ROUSSEL,4.50,3.40,5.60
9916,Elabe,"BFMTV, La Tribune Dimanche",1413,2025-04-02,2025-04-04,1er,Configuration 3,JEAN-LUC MELENCHON,9.50,8.00,11.00
9916,Elabe,"BFMTV, La Tribune Dimanche",1413,2025-04-02,2025-04-04,1er,Configuration 3,JORDAN BARDELLA,31.00,28.60,33.40
9916,Elabe,"BFMTV, La Tribune Dimanche",1413,2025-04-02,2025-04-04,1er,Configuration 3,MARINE TONDELIER,3.50,2.50,4.50
9916,Elabe,"BFMTV, La Tribune Dimanche",1413,2025-04-02,2025-04-04,1er,Configuration 3,NATHALIE ARTHAUD,1.00,0.50,1.50
9916,Elabe,"BFMTV, La Tribune Dimanche",1413,2025-04-02,2025-04-04,1er,Configuration 3,NICOLAS DUPONT-AIGNAN,3.00,2.10,3.90
9916,Elabe,"BFMTV, La Tribune Dimanche",1413,2025-04-02,2025-04-04,1er,Configuration 3,PHILIPPE POUTOU,1.50,0.90,2.10
9916,Elabe,"BFMTV, La Tribune Dimanche",1413,2025-04-02,2025-04-04,1er,Configuration 3,RAPHAEL GLUCKSMANN,10.50,8.90,12.10
9916,Elabe,"BFMTV, La Tribune Dimanche",1413,2025-04-02,2025-04-04,1er,Configuration 5,BRUNO RETAILLEAU,10.00,8.40,11.60
9916,Elabe,"BFMTV, La Tribune Dimanche",1413,2025-04-02,2025-04-04,1er,Configuration 5,ERIC ZEMMOUR,3.50,2.50,4.50
9916,Elabe,"BFMTV, La Tribune Dimanche",1413,2025-04-02,2025-04-04,1er,Configuration 5,FABIEN ROUSSEL,5.50,4.30,6.70
9916,Elabe,"BFMTV, La Tribune Dimanche",1413,2025-04-02,2025-04-04,1er,Configuration 5,GABRIEL ATTAL,18.00,16.00,20.00
9916,Elabe,"BFMTV, La Tribune Dimanche",1413,2025-04-02,2025-04-04,1er,Configuration 5,JEAN-LUC MELENCHON,11.00,9.40,12.60
9916,Elabe,"BFMTV, La Tribune Dimanche",1413,2025-04-02,2025-04-04,1er,Configuration 5,MARINE LE PEN,36.00,33.50,38.50
9916,Elabe,"BFMTV, La Tribune Dimanche",1413,2025-04-02,2025-04-04,1er,Configuration 5,MARINE TONDELIER,6.00,4.80,7.20
9916,Elabe,"BFMTV, La Tribune Dimanche",1413,2025-04-02,2025-04-04,1er,Configuration 5,NATHALIE ARTHAUD,1.00,0.50,1.50
9916,Elabe,"BFMTV, La Tribune Dimanche",1413,2025-04-02,2025-04-04,1er,Configuration 5,NICOLAS DUPONT-AIGNAN,3.00,2.10,3.90
9916,Elabe,"BFMTV, La Tribune Dimanche",1413,2025-04-02,2025-04-04,1er,Configuration 5,OLIVIER FAURE,4.00,3.00,5.00
9916,Elabe,"BFMTV, La Tribune Dimanche",1413,2025-04-02,2025-04-04,1er,Configuration 5,PHILIPPE POUTOU,2.00,1.30,2.70
9913,Toluna,RTL,1030,2025-03-31,2025-03-31,1er,Laurent Wauquiez,EDOUARD PHILIPPE,25.00,22.40,27.60
9913,Toluna,RTL,1030,2025-03-31,2025-03-31,1er,Laurent Wauquiez,ERIC ZEMMOUR,5.00,3.70,6.30
9913,Toluna,RTL,1030,2025-03-31,2025-03-31,1er,Laurent Wauquiez,FABIEN ROUSSEL,4.00,2.80,5.20
9913,Toluna,RTL,1030,2025-03-31,2025-03-31,1er,Laurent Wauquiez,JEAN-LUC MELENCHON,13.00,10.90,15.10
9913,Toluna,RTL,1030,2025-03-31,2025-03-31,1er,Laurent Wauquiez,JORDAN BARDELLA,36.00,33.10,38.90
9913,Toluna,RTL,1030,2025-03-31,2025-03-31,1er,Laurent Wauquiez,LAURENT WAUQUIEZ,4.00,2.80,5.20
9913,Toluna,RTL,1030,2025-03-31,2025-03-31,1er,Laurent Wauquiez,MARINE TONDELIER,4.00,2.80,5.20
9913,Toluna,RTL,1030,2025-03-31,2025-03-31,1er,Laurent Wauquiez,NATHALIE ARTHAUD,1.00,0.40,1.60
9913,Toluna,RTL,1030,2025-03-31,2025-03-31,1er,Laurent Wauquiez,NICOLAS DUPONT-AIGNAN,2.00,1.10,2.90
9913,Toluna,RTL,1030,2025-03-31,2025-03-31,1er,Laurent Wauquiez,OLIVIER FAURE,5.00,3.70,6.30
9913,Toluna,RTL,1030,2025-03-31,2025-03-31,1er,Laurent Wauquiez,PHILIPPE POUTOU,1.00,0.40,1.60
9913,Toluna,RTL,1030,2025-03-31,2025-03-31,1er,Retailleau,BRUNO RETAILLEAU,7.00,5.40,8.60
9913,Toluna,RTL,1030,2025-03-31,2025-03-31,1er,Retailleau,EDOUARD PHILIPPE,23.00,20.40,25.60
9913,Toluna,RTL,1030,2025-03-31,2025-03-31,1er,Retailleau,ERIC ZEMMOUR,5.00,3.70,6.30
9913,Toluna,RTL,1030,2025-03-31,2025-03-31,1er,Retailleau,FABIEN ROUSSEL,4.00,2.80,5.20
9913,Toluna,RTL,1030,2025-03-31,2025-03-31,1er,Retailleau,JEAN-LUC MELENCHON,13.00,10.90,15.10
9913,Toluna,RTL,1030,2025-03-31,2025-03-31,1er,Retailleau,JORDAN BARDELLA,35.00,32.10,37.90
9913,Toluna,RTL,1030,2025-03-31,2025-03-31,1er,Retailleau,MARINE TONDELIER,4.00,2.80,5.20
9913,Toluna,RTL,1030,2025-03-31,2025-03-31,1er,Retailleau,NATHALIE ARTHAUD,1.00,0.40,1.60
9913,Toluna,RTL,1030,2025-03-31,2025-03-31,1er,Retailleau,NICOLAS DUPONT-AIGNAN,2.00,1.10,2.90
9913,Toluna,RTL,1030,2025-03-31,2025-03-31,1er,Retailleau,OLIVIER FAURE,5.00,3.70,6.30
9913,Toluna,RTL,1030,2025-03-31,2025-03-31,1er,Retailleau,PHILIPPE POUTOU,1.00,0.40,1.60
9912,Ifop,Le JDD,1119,2025-03-26,2025-03-27,1er,"Hypothèse Olivier Faure, Gabriel Attal et Laurent Wauquiez",ERIC ZEMMOUR,5.00,3.70,6.30
9912,Ifop,Le JDD,1119,2025-03-26,2025-03-27,1er,"Hypothèse Olivier Faure, Gabriel Attal et Laurent Wauquiez",FABIEN ROUSSEL,4.00,2.90,5.10
9912,Ifop,Le JDD,1119,2025-03-26,2025-03-27,1er,"Hypothèse Olivier Faure, Gabriel Attal et Laurent Wauquiez",GABRIEL ATTAL,20.00,17.70,22.30
9912,Ifop,Le JDD,1119,2025-03-26,2025-03-27,1er,"Hypothèse Olivier Faure, Gabriel Attal et Laurent Wauquiez",JEAN-LUC MELENCHON,13.00,11.00,15.00
9912,Ifop,Le JDD,1119,2025-03-26,2025-03-27,1er,"Hypothèse Olivier Faure, Gabriel Attal et Laurent Wauquiez",LAURENT WAUQUIEZ,8.00,6.40,9.60
9912,Ifop,Le JDD,1119,2025-03-26,2025-03-27,1er,"Hypothèse Olivier Faure, Gabriel Attal et Laurent Wauquiez",MARINE LE PEN,37.00,34.20,39.80
9912,Ifop,Le JDD,1119,2025-03-26,2025-03-27,1er,"Hypothèse Olivier Faure, Gabriel Attal et Laurent Wauquiez",MARINE TONDELIER,3.00,2.00,4.00
9912,Ifop,Le JDD,1119,2025-03-26,2025-03-27,1er,"Hypothèse Olivier Faure, Gabriel Attal et Laurent Wauquiez",NATHALIE ARTHAUD,1.00,0.40,1.60
9912,Ifop,Le JDD,1119,2025-03-26,2025-03-27,1er,"Hypothèse Olivier Faure, Gabriel Attal et Laurent Wauquiez",NICOLAS DUPONT-AIGNAN,3.00,2.00,4.00
9912,Ifop,Le JDD,1119,2025-03-26,2025-03-27,1er,"Hypothèse Olivier Faure, Gabriel Attal et Laurent Wauquiez",OLIVIER FAURE,5.00,3.70,6.30
9912,Ifop,Le JDD,1119,2025-03-26,2025-03-27,1er,"Hypothèse Olivier Faure, Gabriel Attal et Laurent Wauquiez",PHILIPPE POUTOU,1.00,0.40,1.60
9912,Ifop,Le JDD,1119,2025-03-26,2025-03-27,1er,"Hypothèse Olivier Faure, Edouard Philippe et Bruno Retailleau",BRUNO RETAILLEAU,11.00,9.20,12.80
9912,Ifop,Le JDD,1119,2025-03-26,2025-03-27,1er,"Hypothèse Olivier Faure, Edouard Philippe et Bruno Retailleau",EDOUARD PHILIPPE,21.00,18.60,23.40
9912,Ifop,Le JDD,1119,2025-03-26,2025-03-27,1er,"Hypothèse Olivier Faure, Edouard Philippe et Bruno Retailleau",ERIC ZEMMOUR,5.00,3.70,6.30
9912,Ifop,Le JDD,1119,2025-03-26,2025-03-27,1er,"Hypothèse Olivier Faure, Edouard Philippe et Bruno Retailleau",FABIEN ROUSSEL,3.00,2.00,4.00
9912,Ifop,Le JDD,1119,2025-03-26,2025-03-27,1er,"Hypothèse Olivier Faure, Edouard Philippe et Bruno Retailleau",JEAN-LUC MELENCHON,13.00,11.00,15.00
9912,Ifop,Le JDD,1119,2025-03-26,2025-03-27,1er,"Hypothèse Olivier Faure, Edouard Philippe et Bruno Retailleau",MARINE LE PEN,34.00,31.20,36.80
9912,Ifop,Le JDD,1119,2025-03-26,2025-03-27,1er,"Hypothèse Olivier Faure, Edouard Philippe et Bruno Retailleau",MARINE TONDELIER,3.00,2.00,4.00
9912,Ifop,Le JDD,1119,2025-03-26,2025-03-27,1er,"Hypothèse Olivier Faure, Edouard Philippe et Bruno Retailleau",NATHALIE ARTHAUD,1.00,0.40,1.60
9912,Ifop,Le JDD,1119,2025-03-26,2025-03-27,1er,"Hypothèse Olivier Faure, Edouard Philippe et Bruno Retailleau",NICOLAS DUPONT-AIGNAN,3.00,2.00,4.00
9912,Ifop,Le JDD,1119,2025-03-26,2025-03-27,1er,"Hypothèse Olivier Faure, Edouard Philippe et Bruno Retailleau",OLIVIER FAURE,5.00,3.70,6.30
9912,Ifop,Le JDD,1119,2025-03-26,2025-03-27,1er,"Hypothèse Olivier Faure, Edouard Philippe et Bruno Retailleau",PHILIPPE POUTOU,1.00,0.40,1.60
9912,Ifop,Le JDD,1119,2025-03-26,2025-03-27,1er,"Hypothèse Raphaël Glucksmann, Edouard Philippe et Laurent Wauquiez",EDOUARD PHILIPPE,20.00,17.70,22.30
9912,Ifop,Le JDD,1119,2025-03-26,2025-03-27,1er,"Hypothèse Raphaël Glucksmann, Edouard Philippe et Laurent Wauquiez",ERIC ZEMMOUR,6.00,4.60,7.40
9912,Ifop,Le JDD,1119,2025-03-26,2025-03-27,1er,"Hypothèse Raphaël Glucksmann, Edouard Philippe et Laurent Wauquiez",FABIEN ROUSSEL,2.00,1.20,2.80
9912,Ifop,Le JDD,1119,2025-03-26,2025-03-27,1er,"Hypothèse Raphaël Glucksmann, Edouard Philippe et Laurent Wauquiez",JEAN-LUC MELENCHON,13.00,11.00,15.00
9912,Ifop,Le JDD,1119,2025-03-26,2025-03-27,1er,"Hypothèse Raphaël Glucksmann, Edouard Philippe et Laurent Wauquiez",LAURENT WAUQUIEZ,5.00,3.70,6.30
9912,Ifop,Le JDD,1119,2025-03-26,2025-03-27,1er,"Hypothèse Raphaël Glucksmann, Edouard Philippe et Laurent Wauquiez",MARINE LE PEN,35.00,32.20,37.80
9912,Ifop,Le JDD,1119,2025-03-26,2025-03-27,1er,"Hypothèse Raphaël Glucksmann, Edouard Philippe et Laurent Wauquiez",MARINE TONDELIER,3.00,2.00,4.00
9912,Ifop,Le JDD,1119,2025-03-26,2025-03-27,1er,"Hypothèse Raphaël Glucksmann, Edouard Philippe et Laurent Wauquiez",NATHALIE ARTHAUD,1.00,0.40,1.60
9912,Ifop,Le JDD,1119,2025-03-26,2025-03-27,1er,"Hypothèse Raphaël Glucksmann, Edouard Philippe et Laurent Wauquiez",NICOLAS DUPONT-AIGNAN,3.00,2.00,4.00
9912,Ifop,Le JDD,1119,2025-03-26,2025-03-27,1er,"Hypothèse Raphaël Glucksmann, Edouard Philippe et Laurent Wauquiez",PHILIPPE POUTOU,1.00,0.40,1.60
9912,Ifop,Le JDD,1119,2025-03-26,2025-03-27,1er,"Hypothèse Raphaël Glucksmann, Edouard Philippe et Laurent Wauquiez",RAPHAEL GLUCKSMANN,11.00,9.20,12.80
9912,Ifop,Le JDD,1119,2025-03-26,2025-03-27,1er,"Hypothèse Olivier Faure, Edouard Philippe et Laurent Wauquiez",EDOUARD PHILIPPE,25.00,22.50,27.50
9912,Ifop,Le JDD,1119,2025-03-26,2025-03-27,1er,"Hypothèse Olivier Faure, Edouard Philippe et Laurent Wauquiez",ERIC ZEMMOUR,5.00,3.70,6.30
9912,Ifop,Le JDD,1119,2025-03-26,2025-03-27,1er,"Hypothèse Olivier Faure, Edouard Philippe et Laurent Wauquiez",FABIEN ROUSSEL,4.00,2.90,5.10
9912,Ifop,Le JDD,1119,2025-03-26,2025-03-27,1er,"Hypothèse Olivier Faure, Edouard Philippe et Laurent Wauquiez",JEAN-LUC MELENCHON,12.00,10.10,13.90
9912,Ifop,Le JDD,1119,2025-03-26,2025-03-27,1er,"Hypothèse Olivier Faure, Edouard Philippe et Laurent Wauquiez",LAURENT WAUQUIEZ,5.00,3.70,6.30
9912,Ifop,Le JDD,1119,2025-03-26,2025-03-27,1er,"Hypothèse Olivier Faure, Edouard Philippe et Laurent Wauquiez",MARINE LE PEN,36.00,33.20,38.80
9912,Ifop,Le JDD,1119,2025-03-26,2025-03-27,1er,"Hypothèse Olivier Faure, Edouard Philippe et Laurent Wauquiez",MARINE TONDELIER,3.00,2.00,4.00
9912,Ifop,Le JDD,1119,2025-03-26,2025-03-27,1er,"Hypothèse Olivier Faure, Edouard Philippe et Laurent Wauquiez",NATHALIE ARTHAUD,1.00,0.40,1.60
9912,Ifop,Le JDD,1119,2025-03-26,2025-03-27,1er,"Hypothèse Olivier Faure, Edouard Philippe et Laurent Wauquiez",NICOLAS DUPONT-AIGNAN,4.00,2.90,5.10
9912,Ifop,Le JDD,1119,2025-03-26,2025-03-27,1er,"Hypothèse Olivier Faure, Edouard Philippe et Laurent Wauquiez",OLIVIER FAURE,4.00,2.90,5.10
9912,Ifop,Le JDD,1119,2025-03-26,2025-03-27,1er,"Hypothèse Olivier Faure, Edouard Philippe et Laurent Wauquiez",PHILIPPE POUTOU,1.00,0.40,1.60
10245,Elabe,"BFMTV, La Tribune Dimanche",1378,2026-08-26,2026-08-28,1er,Configuration 5,NATHALIE ARTHAUD,1.50,0.90,2.10
10245,Elabe,"BFMTV, La Tribune Dimanche",1378,2026-08-26,2026-08-28,1er,Configuration 5,BRUNO RETAILLEAU,7.00,5.70,8.30
10245,Elabe,"BFMTV, La Tribune Dimanche",1378,2026-08-26,2026-08-28,1er,Configuration 5,DOMINIQUE DE VILLEPIN,2.50,1.70,3.30
10245,Elabe,"BFMTV, La Tribune Dimanche",1378,2026-08-26,2026-08-28,1er,Configuration 5,FABIEN ROUSSEL,4.50,3.40,5.60
10245,Elabe,"BFMTV, La Tribune Dimanche",1378,2026-08-26,2026-08-28,1er,Configuration 5,JEAN-LUC MELENCHON,14.50,12.60,16.40
10245,Elabe,"BFMTV, La Tribune Dimanche",1378,2026-08-26,2026-08-28,1er,Configuration 5,MARINE LE PEN,35.50,33.00,38.00
10245,Elabe,"BFMTV, La Tribune Dimanche",1378,2026-08-26,2026-08-28,1er,Configuration 5,MARINE TONDELIER,4.00,3.00,5.00
10245,Elabe,"BFMTV, La Tribune Dimanche",1378,2026-08-26,2026-08-28,1er,Configuration 5,NICOLAS DUPONT-AIGNAN,2.50,1.70,3.30
10245,Elabe,"BFMTV, La Tribune Dimanche",1378,2026-08-26,2026-08-28,1er,Configuration 5,OLIVIER FAURE,3.50,2.50,4.50
10245,Elabe,"BFMTV, La Tribune Dimanche",1378,2026-08-26,2026-08-28,1er,Configuration 5,EDOUARD PHILIPPE,20.50,18.40,22.60
10245,Elabe,"BFMTV, La Tribune Dimanche",1378,2026-08-26,2026-08-28,1er,Configuration 5,ERIC ZEMMOUR,4.00,3.00,5.00
10245,Elabe,"BFMTV, La Tribune Dimanche",1378,2026-08-26,2026-08-28,1er,Configuration 2,NATHALIE ARTHAUD,1.50,0.90,2.10
10245,Elabe,"BFMTV, La Tribune Dimanche",1378,2026-08-26,2026-08-28,1er,Configuration 2,BRUNO RETAILLEAU,9.50,8.00,11.00
10245,Elabe,"BFMTV, La Tribune Dimanche",1378,2026-08-26,2026-08-28,1er,Configuration 2,DOMINIQUE DE VILLEPIN,2.50,1.70,3.30
10245,Elabe,"BFMTV, La Tribune Dimanche",1378,2026-08-26,2026-08-28,1er,Configuration 2,FABIEN ROUSSEL,3.00,2.10,3.90
10245,Elabe,"BFMTV, La Tribune Dimanche",1378,2026-08-26,2026-08-28,1er,Configuration 2,GABRIEL ATTAL,12.00,10.30,13.70
10245,Elabe,"BFMTV, La Tribune Dimanche",1378,2026-08-26,2026-08-28,1er,Configuration 2,JEAN-LUC MELENCHON,14.00,12.20,15.80
10245,Elabe,"BFMTV, La Tribune Dimanche",1378,2026-08-26,2026-08-28,1er,Configuration 2,MARINE LE PEN,34.50,32.00,37.00
10245,Elabe,"BFMTV, La Tribune Dimanche",1378,2026-08-26,2026-08-28,1er,Configuration 2,MARINE TONDELIER,3.00,2.10,3.90
10245,Elabe,"BFMTV, La Tribune Dimanche",1378,2026-08-26,2026-08-28,1er,Configuration 2,NICOLAS DUPONT-AIGNAN,2.00,1.30,2.70
10245,Elabe,"BFMTV, La Tribune Dimanche",1378,2026-08-26,2026-08-28,1er,Configuration 2,RAPHAEL GLUCKSMANN,14.00,12.20,15.80
10245,Elabe,"BFMTV, La Tribune Dimanche",1378,2026-08-26,2026-08-28,1er,Configuration 2,ERIC ZEMMOUR,4.00,3.00,5.00
10245,Elabe,"BFMTV, La Tribune Dimanche",1378,2026-08-26,2026-08-28,1er,Configuration 4,NATHALIE ARTHAUD,1.50,0.90,2.10
10245,Elabe,"BFMTV, La Tribune Dimanche",1378,2026-08-26,2026-08-28,1er,Configuration 4,BRUNO RETAILLEAU,9.00,7.50,10.50
10245,Elabe,"BFMTV, La Tribune Dimanche",1378,2026-08-26,2026-08-28,1er,Configuration 4,DAVID LISNARD,3.50,2.50,4.50
10245,Elabe,"BFMTV, La Tribune Dimanche",1378,2026-08-26,2026-08-28,1er,Configuration 4,FABIEN ROUSSEL,4.00,3.00,5.00
10245,Elabe,"BFMTV, La Tribune Dimanche",1378,2026-08-26,2026-08-28,1er,Configuration 4,FRANCOIS HOLLANDE,8.00,6.60,9.40
10245,Elabe,"BFMTV, La Tribune Dimanche",1378,2026-08-26,2026-08-28,1er,Configuration 4,FRANCOIS RUFFIN,6.00,4.70,7.30
10245,Elabe,"BFMTV, La Tribune Dimanche",1378,2026-08-26,2026-08-28,1er,Configuration 4,GABRIEL ATTAL,12.50,10.80,14.20
10245,Elabe,"BFMTV, La Tribune Dimanche",1378,2026-08-26,2026-08-28,1er,Configuration 4,JEAN-LUC MELENCHON,14.00,12.20,15.80
10245,Elabe,"BFMTV, La Tribune Dimanche",1378,2026-08-26,2026-08-28,1er,Configuration 4,MARINE LE PEN,34.50,32.00,37.00
10245,Elabe,"BFMTV, La Tribune Dimanche",1378,2026-08-26,2026-08-28,1er,Configuration 4,NICOLAS DUPONT-AIGNAN,2.50,1.70,3.30
10245,Elabe,"BFMTV, La Tribune Dimanche",1378,2026-08-26,2026-08-28,1er,Configuration 4,ERIC ZEMMOUR,4.50,3.40,5.60
10245,Elabe,"BFMTV, La Tribune Dimanche",1378,2026-08-26,2026-08-28,1er,Configuration 1,NATHALIE ARTHAUD,1.50,0.90,2.10
10245,Elabe,"BFMTV, La Tribune Dimanche",1378,2026-08-26,2026-08-28,1er,Configuration 1,BRUNO RETAILLEAU,6.50,5.20,7.80
10245,Elabe,"BFMTV, La Tribune Dimanche",1378,2026-08-26,2026-08-28,1er,Configuration 1,DOMINIQUE DE VILLEPIN,2.00,1.30,2.70
10245,Elabe,"BFMTV, La Tribune Dimanche",1378,2026-08-26,2026-08-28,1er,Configuration 1,FABIEN ROUSSEL,3.00,2.10,3.90
10245,Elabe,"BFMTV, La Tribune Dimanche",1378,2026-08-26,2026-08-28,1er,Configuration 1,JEAN-LUC MELENCHON,14.00,12.20,15.80
10245,Elabe,"BFMTV, La Tribune Dimanche",1378,2026-08-26,2026-08-28,1er,Configuration 1,MARINE LE PEN,34.00,31.50,36.50
10245,Elabe,"BFMTV, La Tribune Dimanche",1378,2026-08-26,2026-08-28,1er,Configuration 1,MARINE TONDELIER,3.50,2.50,4.50
10245,Elabe,"BFMTV, La Tribune Dimanche",1378,2026-08-26,2026-08-28,1er,Configuration 1,NICOLAS DUPONT-AIGNAN,3.00,2.10,3.90
10245,Elabe,"BFMTV, La Tribune Dimanche",1378,2026-08-26,2026-08-28,1er,Configuration 1,RAPHAEL GLUCKSMANN,11.50,9.80,13.20
10245,Elabe,"BFMTV, La Tribune Dimanche",1378,2026-08-26,2026-08-28,1er,Configuration 1,EDOUARD PHILIPPE,17.00,15.00,19.00
10245,Elabe,"BFMTV, La Tribune Dimanche",1378,2026-08-26,2026-08-28,1er,Configuration 1,ERIC ZEMMOUR,4.00,3.00,5.00
10245,Elabe,"BFMTV, La Tribune Dimanche",1378,2026-08-26,2026-08-28,1er,Configuration 3,NATHALIE ARTHAUD,2.00,1.30,2.70
10245,Elabe,"BFMTV, La Tribune Dimanche",1378,2026-08-26,2026-08-28,1er,Configuration 3,BRUNO RETAILLEAU,6.00,4.70,7.30
10245,Elabe,"BFMTV, La Tribune Dimanche",1378,2026-08-26,2026-08-28,1er,Configuration 3,DAVID LISNARD,3.00,2.10,3.90
10245,Elabe,"BFMTV, La Tribune Dimanche",1378,2026-08-26,2026-08-28,1er,Configuration 3,FABIEN ROUSSEL,3.50,2.50,4.50
10245,Elabe,"BFMTV, La Tribune Dimanche",1378,2026-08-26,2026-08-28,1er,Configuration 3,FRANCOIS HOLLANDE,7.50,6.10,8.90
10245,Elabe,"BFMTV, La Tribune Dimanche",1378,2026-08-26,2026-08-28,1er,Configuration 3,JEAN-LUC MELENCHON,14.00,12.20,15.80
10245,Elabe,"BFMTV, La Tribune Dimanche",1378,2026-08-26,2026-08-28,1er,Configuration 3,MARINE LE PEN,34.00,31.50,36.50
10245,Elabe,"BFMTV, La Tribune Dimanche",1378,2026-08-26,2026-08-28,1er,Configuration 3,MARINE TONDELIER,4.00,3.00,5.00
10245,Elabe,"BFMTV, La Tribune Dimanche",1378,2026-08-26,2026-08-28,1er,Configuration 3,NICOLAS DUPONT-AIGNAN,2.50,1.70,3.30
10245,Elabe,"BFMTV, La Tribune Dimanche",1378,2026-08-26,2026-08-28,1er,Configuration 3,EDOUARD PHILIPPE,19.50,17.40,21.60
10245,Elabe,"BFMTV, La Tribune Dimanche",1378,2026-08-26,2026-08-28,1er,Configuration 3,ERIC ZEMMOUR,4.00,3.00,5.00
10245,Elabe,"BFMTV, La Tribune Dimanche",1378,2026-08-26,2026-08-28,1er,Configuration 6,NATHALIE ARTHAUD,1.50,0.90,2.10
10245,Elabe,"BFMTV, La Tribune Dimanche",1378,2026-08-26,2026-08-28,1er,Configuration 6,BRUNO RETAILLEAU,7.00,5.70,8.30
10245,Elabe,"BFMTV, La Tribune Dimanche",1378,2026-08-26,2026-08-28,1er,Configuration 6,FABIEN ROUSSEL,3.00,2.10,3.90
10245,Elabe,"BFMTV, La Tribune Dimanche",1378,2026-08-26,2026-08-28,1er,Configuration 6,GABRIEL ATTAL,6.50,5.20,7.80
10245,Elabe,"BFMTV, La Tribune Dimanche",1378,2026-08-26,2026-08-28,1er,Configuration 6,JEAN-LUC MELENCHON,14.50,12.60,16.40
10245,Elabe,"BFMTV, La Tribune Dimanche",1378,2026-08-26,2026-08-28,1er,Configuration 6,MARINE LE PEN,34.00,31.50,36.50
10245,Elabe,"BFMTV, La Tribune Dimanche",1378,2026-08-26,2026-08-28,1er,Configuration 6,NICOLAS DUPONT-AIGNAN,2.50,1.70,3.30
10245,Elabe,"BFMTV, La Tribune Dimanche",1378,2026-08-26,2026-08-28,1er,Configuration 6,RAPHAEL GLUCKSMANN,12.50,10.80,14.20
10245,Elabe,"BFMTV, La Tribune Dimanche",1378,2026-08-26,2026-08-28,1er,Configuration 6,EDOUARD PHILIPPE,14.50,12.60,16.40
10245,Elabe,"BFMTV, La Tribune Dimanche",1378,2026-08-26,2026-08-28,1er,Configuration 6,ERIC ZEMMOUR,4.00,3.00,5.00
10242,Ifop,"LCI, Le Figaro et Sud Radio",1598,2026-08-24,2026-08-25,1er,G. Attal candidat bloc central et R. Glucksmann candidat unique de la gauche non LFI,BRUNO RETAILLEAU,9.00,7.60,10.40
10242,Ifop,"LCI, Le Figaro et Sud Radio",1598,2026-08-24,2026-08-25,1er,G. Attal candidat bloc central et R. Glucksmann candidat unique de la gauche non LFI,GABRIEL ATTAL,15.00,13.20,16.80
10242,Ifop,"LCI, Le Figaro et Sud Radio",1598,2026-08-24,2026-08-25,1er,G. Attal candidat bloc central et R. Glucksmann candidat unique de la gauche non LFI,JEAN-LUC MELENCHON,18.50,16.60,20.40
10242,Ifop,"LCI, Le Figaro et Sud Radio",1598,2026-08-24,2026-08-25,1er,G. Attal candidat bloc central et R. Glucksmann candidat unique de la gauche non LFI,MARINE LE PEN,34.00,31.70,36.30
10242,Ifop,"LCI, Le Figaro et Sud Radio",1598,2026-08-24,2026-08-25,1er,G. Attal candidat bloc central et R. Glucksmann candidat unique de la gauche non LFI,NATHALIE ARTHAUD,1.50,0.90,2.10
10242,Ifop,"LCI, Le Figaro et Sud Radio",1598,2026-08-24,2026-08-25,1er,G. Attal candidat bloc central et R. Glucksmann candidat unique de la gauche non LFI,NICOLAS DUPONT-AIGNAN,2.00,1.30,2.70
10242,Ifop,"LCI, Le Figaro et Sud Radio",1598,2026-08-24,2026-08-25,1er,G. Attal candidat bloc central et R. Glucksmann candidat unique de la gauche non LFI,RAPHAEL GLUCKSMANN,17.00,15.20,18.80
10242,Ifop,"LCI, Le Figaro et Sud Radio",1598,2026-08-24,2026-08-25,1er,G. Attal candidat bloc central et R. Glucksmann candidat unique de la gauche non LFI,ERIC ZEMMOUR,3.00,2.20,3.80
10242,Ifop,"LCI, Le Figaro et Sud Radio",1598,2026-08-24,2026-08-25,1er,E. Philippe candidat bloc central et F. Hollande candidat unique de la gauche non LFI,BRUNO RETAILLEAU,8.00,6.70,9.30
10242,Ifop,"LCI, Le Figaro et Sud Radio",1598,2026-08-24,2026-08-25,1er,E. Philippe candidat bloc central et F. Hollande candidat unique de la gauche non LFI,EDOUARD PHILIPPE,21.00,19.00,23.00
10242,Ifop,"LCI, Le Figaro et Sud Radio",1598,2026-08-24,2026-08-25,1er,E. Philippe candidat bloc central et F. Hollande candidat unique de la gauche non LFI,FRANCOIS HOLLANDE,12.00,10.40,13.60
10242,Ifop,"LCI, Le Figaro et Sud Radio",1598,2026-08-24,2026-08-25,1er,E. Philippe candidat bloc central et F. Hollande candidat unique de la gauche non LFI,JEAN-LUC MELENCHON,19.00,17.10,20.90
10242,Ifop,"LCI, Le Figaro et Sud Radio",1598,2026-08-24,2026-08-25,1er,E. Philippe candidat bloc central et F. Hollande candidat unique de la gauche non LFI,MARINE LE PEN,34.00,31.70,36.30
10242,Ifop,"LCI, Le Figaro et Sud Radio",1598,2026-08-24,2026-08-25,1er,E. Philippe candidat bloc central et F. Hollande candidat unique de la gauche non LFI,NATHALIE ARTHAUD,1.50,0.90,2.10
10242,Ifop,"LCI, Le Figaro et Sud Radio",1598,2026-08-24,2026-08-25,1er,E. Philippe candidat bloc central et F. Hollande candidat unique de la gauche non LFI,NICOLAS DUPONT-AIGNAN,2.00,1.30,2.70
10242,Ifop,"LCI, Le Figaro et Sud Radio",1598,2026-08-24,2026-08-25,1er,E. Philippe candidat bloc central et F. Hollande candidat unique de la gauche non LFI,ERIC ZEMMOUR,2.50,1.70,3.30
10242,Ifop,"LCI, Le Figaro et Sud Radio",1598,2026-08-24,2026-08-25,1er,E. Philippe candidat bloc central et R. Glucksmann candidat unique de la gauche non LFI,BRUNO RETAILLEAU,8.00,6.70,9.30
10242,Ifop,"LCI, Le Figaro et Sud Radio",1598,2026-08-24,2026-08-25,1er,E. Philippe candidat bloc central et R. Glucksmann candidat unique de la gauche non LFI,EDOUARD PHILIPPE,19.00,17.10,20.90
10242,Ifop,"LCI, Le Figaro et Sud Radio",1598,2026-08-24,2026-08-25,1er,E. Philippe candidat bloc central et R. Glucksmann candidat unique de la gauche non LFI,JEAN-LUC MELENCHON,18.00,16.10,19.90
10242,Ifop,"LCI, Le Figaro et Sud Radio",1598,2026-08-24,2026-08-25,1er,E. Philippe candidat bloc central et R. Glucksmann candidat unique de la gauche non LFI,MARINE LE PEN,33.00,30.70,35.30
10242,Ifop,"LCI, Le Figaro et Sud Radio",1598,2026-08-24,2026-08-25,1er,E. Philippe candidat bloc central et R. Glucksmann candidat unique de la gauche non LFI,NATHALIE ARTHAUD,1.00,0.50,1.50
10242,Ifop,"LCI, Le Figaro et Sud Radio",1598,2026-08-24,2026-08-25,1er,E. Philippe candidat bloc central et R. Glucksmann candidat unique de la gauche non LFI,NICOLAS DUPONT-AIGNAN,2.50,1.70,3.30
10242,Ifop,"LCI, Le Figaro et Sud Radio",1598,2026-08-24,2026-08-25,1er,E. Philippe candidat bloc central et R. Glucksmann candidat unique de la gauche non LFI,RAPHAEL GLUCKSMANN,15.00,13.20,16.80
10242,Ifop,"LCI, Le Figaro et Sud Radio",1598,2026-08-24,2026-08-25,1er,E. Philippe candidat bloc central et R. Glucksmann candidat unique de la gauche non LFI,ERIC ZEMMOUR,3.50,2.60,4.40
10242,Ifop,"LCI, Le Figaro et Sud Radio",1598,2026-08-24,2026-08-25,1er,G. Attal candidat du bloc central,BRUNO RETAILLEAU,9.00,7.60,10.40
10242,Ifop,"LCI, Le Figaro et Sud Radio",1598,2026-08-24,2026-08-25,1er,G. Attal candidat du bloc central,FABIEN ROUSSEL,3.00,2.20,3.80
10242,Ifop,"LCI, Le Figaro et Sud Radio",1598,2026-08-24,2026-08-25,1er,G. Attal candidat du bloc central,GABRIEL ATTAL,14.00,12.30,15.70
10242,Ifop,"LCI, Le Figaro et Sud Radio",1598,2026-08-24,2026-08-25,1er,G. Attal candidat du bloc central,JEAN-LUC MELENCHON,17.00,15.20,18.80
10242,Ifop,"LCI, Le Figaro et Sud Radio",1598,2026-08-24,2026-08-25,1er,G. Attal candidat du bloc central,MARINE LE PEN,34.00,31.70,36.30
10242,Ifop,"LCI, Le Figaro et Sud Radio",1598,2026-08-24,2026-08-25,1er,G. Attal candidat du bloc central,MARINE TONDELIER,3.00,2.20,3.80
10242,Ifop,"LCI, Le Figaro et Sud Radio",1598,2026-08-24,2026-08-25,1er,G. Attal candidat du bloc central,NATHALIE ARTHAUD,0.50,0.20,0.80
10242,Ifop,"LCI, Le Figaro et Sud Radio",1598,2026-08-24,2026-08-25,1er,G. Attal candidat du bloc central,NICOLAS DUPONT-AIGNAN,1.50,0.90,2.10
10242,Ifop,"LCI, Le Figaro et Sud Radio",1598,2026-08-24,2026-08-25,1er,G. Attal candidat du bloc central,RAPHAEL GLUCKSMANN,15.00,13.20,16.80
10242,Ifop,"LCI, Le Figaro et Sud Radio",1598,2026-08-24,2026-08-25,1er,G. Attal candidat du bloc central,ERIC ZEMMOUR,3.00,2.20,3.80
10242,Ifop,"LCI, Le Figaro et Sud Radio",1598,2026-08-24,2026-08-25,1er,hypothèse E. Philippe et G. Attal candidats,BRUNO RETAILLEAU,6.00,4.80,7.20
10242,Ifop,"LCI, Le Figaro et Sud Radio",1598,2026-08-24,2026-08-25,1er,hypothèse E. Philippe et G. Attal candidats,EDOUARD PHILIPPE,14.50,12.80,16.20
10242,Ifop,"LCI, Le Figaro et Sud Radio",1598,2026-08-24,2026-08-25,1er,hypothèse E. Philippe et G. Attal candidats,FABIEN ROUSSEL,3.00,2.20,3.80
10242,Ifop,"LCI, Le Figaro et Sud Radio",1598,2026-08-24,2026-08-25,1er,hypothèse E. Philippe et G. Attal candidats,GABRIEL ATTAL,8.00,6.70,9.30
10242,Ifop,"LCI, Le Figaro et Sud Radio",1598,2026-08-24,2026-08-25,1er,hypothèse E. Philippe et G. Attal candidats,JEAN-LUC MELENCHON,16.00,14.20,17.80
10242,Ifop,"LCI, Le Figaro et Sud Radio",1598,2026-08-24,2026-08-25,1er,hypothèse E. Philippe et G. Attal candidats,MARINE LE PEN,33.00,30.70,35.30
10242,Ifop,"LCI, Le Figaro et Sud Radio",1598,2026-08-24,2026-08-25,1er,hypothèse E. Philippe et G. Attal candidats,MARINE TONDELIER,3.00,2.20,3.80
10242,Ifop,"LCI, Le Figaro et Sud Radio",1598,2026-08-24,2026-08-25,1er,hypothèse E. Philippe et G. Attal candidats,NATHALIE ARTHAUD,0.50,0.20,0.80
10242,Ifop,"LCI, Le Figaro et Sud Radio",1598,2026-08-24,2026-08-25,1er,hypothèse E. Philippe et G. Attal candidats,NICOLAS DUPONT-AIGNAN,1.50,0.90,2.10
10242,Ifop,"LCI, Le Figaro et Sud Radio",1598,2026-08-24,2026-08-25,1er,hypothèse E. Philippe et G. Attal candidats,RAPHAEL GLUCKSMANN,11.00,9.50,12.50
10242,Ifop,"LCI, Le Figaro et Sud Radio",1598,2026-08-24,2026-08-25,1er,hypothèse E. Philippe et G. Attal candidats,ERIC ZEMMOUR,3.50,2.60,4.40
10242,Ifop,"LCI, Le Figaro et Sud Radio",1598,2026-08-24,2026-08-25,1er,hypothèse E. Philippe candidat du bloc central,BRUNO RETAILLEAU,8.00,6.70,9.30
10242,Ifop,"LCI, Le Figaro et Sud Radio",1598,2026-08-24,2026-08-25,1er,hypothèse E. Philippe candidat du bloc central,EDOUARD PHILIPPE,18.00,16.10,19.90
10242,Ifop,"LCI, Le Figaro et Sud Radio",1598,2026-08-24,2026-08-25,1er,hypothèse E. Philippe candidat du bloc central,FABIEN ROUSSEL,3.00,2.20,3.80
10242,Ifop,"LCI, Le Figaro et Sud Radio",1598,2026-08-24,2026-08-25,1er,hypothèse E. Philippe candidat du bloc central,JEAN-LUC MELENCHON,17.00,15.20,18.80
10242,Ifop,"LCI, Le Figaro et Sud Radio",1598,2026-08-24,2026-08-25,1er,hypothèse E. Philippe candidat du bloc central,MARINE LE PEN,33.00,30.70,35.30
10242,Ifop,"LCI, Le Figaro et Sud Radio",1598,2026-08-24,2026-08-25,1er,hypothèse E. Philippe candidat du bloc central,MARINE TONDELIER,3.00,2.20,3.80
10242,Ifop,"LCI, Le Figaro et Sud Radio",1598,2026-08-24,2026-08-25,1er,hypothèse E. Philippe candidat du bloc central,NATHALIE ARTHAUD,1.00,0.50,1.50
10242,Ifop,"LCI, Le Figaro et Sud Radio",1598,2026-08-24,2026-08-25,1er,hypothèse E. Philippe candidat du bloc central,NICOLAS DUPONT-AIGNAN,1.50,0.90,2.10
10242,Ifop,"LCI, Le Figaro et Sud Radio",1598,2026-08-24,2026-08-25,1er,hypothèse E. Philippe candidat du bloc central,RAPHAEL GLUCKSMANN,12.00,10.40,13.60
10242,Ifop,"LCI, Le Figaro et Sud Radio",1598,2026-08-24,2026-08-25,1er,hypothèse E. Philippe candidat du bloc central,ERIC ZEMMOUR,3.50,2.60,4.40
10242,Ifop,"LCI, Le Figaro et Sud Radio",1598,2026-08-24,2026-08-25,1er,B. Le Maire candidat du bloc central,BRUNO LE MAIRE,6.00,4.80,7.20
10242,Ifop,"LCI, Le Figaro et Sud Radio",1598,2026-08-24,2026-08-25,1er,B. Le Maire candidat du bloc central,BRUNO RETAILLEAU,12.00,10.40,13.60
10242,Ifop,"LCI, Le Figaro et Sud Radio",1598,2026-08-24,2026-08-25,1er,B. Le Maire candidat du bloc central,FABIEN ROUSSEL,3.00,2.20,3.80
10242,Ifop,"LCI, Le Figaro et Sud Radio",1598,2026-08-24,2026-08-25,1er,B. Le Maire candidat du bloc central,JEAN-LUC MELENCHON,17.00,15.20,18.80
10242,Ifop,"LCI, Le Figaro et Sud Radio",1598,2026-08-24,2026-08-25,1er,B. Le Maire candidat du bloc central,MARINE LE PEN,35.00,32.70,37.30
10242,Ifop,"LCI, Le Figaro et Sud Radio",1598,2026-08-24,2026-08-25,1er,B. Le Maire candidat du bloc central,MARINE TONDELIER,3.00,2.20,3.80
10242,Ifop,"LCI, Le Figaro et Sud Radio",1598,2026-08-24,2026-08-25,1er,B. Le Maire candidat du bloc central,NATHALIE ARTHAUD,1.00,0.50,1.50
10242,Ifop,"LCI, Le Figaro et Sud Radio",1598,2026-08-24,2026-08-25,1er,B. Le Maire candidat du bloc central,NICOLAS DUPONT-AIGNAN,2.00,1.30,2.70
10242,Ifop,"LCI, Le Figaro et Sud Radio",1598,2026-08-24,2026-08-25,1er,B. Le Maire candidat du bloc central,RAPHAEL GLUCKSMANN,18.00,16.10,19.90
10242,Ifop,"LCI, Le Figaro et Sud Radio",1598,2026-08-24,2026-08-25,1er,B. Le Maire candidat du bloc central,ERIC ZEMMOUR,3.00,2.20,3.80
10239,Toluna,M6 & RTL,1764,2026-08-18,2026-08-19,1er,"Raphaël Glucksmann, Gabriel Attal et Édouard Philippe",BRUNO RETAILLEAU,6.00,4.90,7.10
10239,Toluna,M6 & RTL,1764,2026-08-18,2026-08-19,1er,"Raphaël Glucksmann, Gabriel Attal et Édouard Philippe",FABIEN ROUSSEL,2.00,1.30,2.70
10239,Toluna,M6 & RTL,1764,2026-08-18,2026-08-19,1er,"Raphaël Glucksmann, Gabriel Attal et Édouard Philippe",GABRIEL ATTAL,8.00,6.70,9.30
10239,Toluna,M6 & RTL,1764,2026-08-18,2026-08-19,1er,"Raphaël Glucksmann, Gabriel Attal et Édouard Philippe",JEAN-LUC MELENCHON,16.00,14.30,17.70
10239,Toluna,M6 & RTL,1764,2026-08-18,2026-08-19,1er,"Raphaël Glucksmann, Gabriel Attal et Édouard Philippe",MARINE LE PEN,35.00,32.80,37.20
10239,Toluna,M6 & RTL,1764,2026-08-18,2026-08-19,1er,"Raphaël Glucksmann, Gabriel Attal et Édouard Philippe",MARINE TONDELIER,3.00,2.20,3.80
10239,Toluna,M6 & RTL,1764,2026-08-18,2026-08-19,1er,"Raphaël Glucksmann, Gabriel Attal et Édouard Philippe",NATHALIE ARTHAUD,1.00,0.50,1.50
10239,Toluna,M6 & RTL,1764,2026-08-18,2026-08-19,1er,"Raphaël Glucksmann, Gabriel Attal et Édouard Philippe",NICOLAS DUPONT-AIGNAN,2.00,1.30,2.70
10239,Toluna,M6 & RTL,1764,2026-08-18,2026-08-19,1er,"Raphaël Glucksmann, Gabriel Attal et Édouard Philippe",RAPHAEL GLUCKSMANN,10.00,8.60,11.40
10239,Toluna,M6 & RTL,1764,2026-08-18,2026-08-19,1er,"Raphaël Glucksmann, Gabriel Attal et Édouard Philippe",EDOUARD PHILIPPE,14.00,12.40,15.60
10239,Toluna,M6 & RTL,1764,2026-08-18,2026-08-19,1er,"Raphaël Glucksmann, Gabriel Attal et Édouard Philippe",ERIC ZEMMOUR,3.00,2.20,3.80
10239,Toluna,M6 & RTL,1764,2026-08-18,2026-08-19,1er,Raphaël Glucksmann et Édouard Philippe,BRUNO RETAILLEAU,7.00,5.80,8.20
10239,Toluna,M6 & RTL,1764,2026-08-18,2026-08-19,1er,Raphaël Glucksmann et Édouard Philippe,FABIEN ROUSSEL,3.00,2.20,3.80
10239,Toluna,M6 & RTL,1764,2026-08-18,2026-08-19,1er,Raphaël Glucksmann et Édouard Philippe,JEAN-LUC MELENCHON,17.00,15.20,18.80
10239,Toluna,M6 & RTL,1764,2026-08-18,2026-08-19,1er,Raphaël Glucksmann et Édouard Philippe,MARINE LE PEN,35.00,32.80,37.20
10239,Toluna,M6 & RTL,1764,2026-08-18,2026-08-19,1er,Raphaël Glucksmann et Édouard Philippe,MARINE TONDELIER,3.00,2.20,3.80
10239,Toluna,M6 & RTL,1764,2026-08-18,2026-08-19,1er,Raphaël Glucksmann et Édouard Philippe,NATHALIE ARTHAUD,1.00,0.50,1.50
10239,Toluna,M6 & RTL,1764,2026-08-18,2026-08-19,1er,Raphaël Glucksmann et Édouard Philippe,NICOLAS DUPONT-AIGNAN,3.00,2.20,3.80
10239,Toluna,M6 & RTL,1764,2026-08-18,2026-08-19,1er,Raphaël Glucksmann et Édouard Philippe,RAPHAEL GLUCKSMANN,10.00,8.60,11.40
10239,Toluna,M6 & RTL,1764,2026-08-18,2026-08-19,1er,Raphaël Glucksmann et Édouard Philippe,EDOUARD PHILIPPE,17.00,15.20,18.80
10239,Toluna,M6 & RTL,1764,2026-08-18,2026-08-19,1er,Raphaël Glucksmann et Édouard Philippe,ERIC ZEMMOUR,4.00,3.10,4.90
10239,Toluna,M6 & RTL,1764,2026-08-18,2026-08-19,1er,François Hollande et Édouard Philippe,BRUNO RETAILLEAU,7.00,5.80,8.20
10239,Toluna,M6 & RTL,1764,2026-08-18,2026-08-19,1er,François Hollande et Édouard Philippe,FABIEN ROUSSEL,3.00,2.20,3.80
10239,Toluna,M6 & RTL,1764,2026-08-18,2026-08-19,1er,François Hollande et Édouard Philippe,FRANCOIS HOLLANDE,8.00,6.70,9.30
10239,Toluna,M6 & RTL,1764,2026-08-18,2026-08-19,1er,François Hollande et Édouard Philippe,JEAN-LUC MELENCHON,17.00,15.20,18.80
10239,Toluna,M6 & RTL,1764,2026-08-18,2026-08-19,1er,François Hollande et Édouard Philippe,MARINE LE PEN,35.00,32.80,37.20
10239,Toluna,M6 & RTL,1764,2026-08-18,2026-08-19,1er,François Hollande et Édouard Philippe,MARINE TONDELIER,4.00,3.10,4.90
10239,Toluna,M6 & RTL,1764,2026-08-18,2026-08-19,1er,François Hollande et Édouard Philippe,NATHALIE ARTHAUD,1.00,0.50,1.50
10239,Toluna,M6 & RTL,1764,2026-08-18,2026-08-19,1er,François Hollande et Édouard Philippe,NICOLAS DUPONT-AIGNAN,2.00,1.30,2.70
10239,Toluna,M6 & RTL,1764,2026-08-18,2026-08-19,1er,François Hollande et Édouard Philippe,EDOUARD PHILIPPE,19.00,17.20,20.80
10239,Toluna,M6 & RTL,1764,2026-08-18,2026-08-19,1er,François Hollande et Édouard Philippe,ERIC ZEMMOUR,4.00,3.10,4.90
10239,Toluna,M6 & RTL,1764,2026-08-18,2026-08-19,1er,François Hollande et Gabriel Attal,BRUNO RETAILLEAU,9.00,7.70,10.30
10239,Toluna,M6 & RTL,1764,2026-08-18,2026-08-19,1er,François Hollande et Gabriel Attal,FABIEN ROUSSEL,3.00,2.20,3.80
10239,Toluna,M6 & RTL,1764,2026-08-18,2026-08-19,1er,François Hollande et Gabriel Attal,FRANCOIS HOLLANDE,8.00,6.70,9.30
10239,Toluna,M6 & RTL,1764,2026-08-18,2026-08-19,1er,François Hollande et Gabriel Attal,GABRIEL ATTAL,14.00,12.40,15.60
10239,Toluna,M6 & RTL,1764,2026-08-18,2026-08-19,1er,François Hollande et Gabriel Attal,JEAN-LUC MELENCHON,17.00,15.20,18.80
10239,Toluna,M6 & RTL,1764,2026-08-18,2026-08-19,1er,François Hollande et Gabriel Attal,MARINE LE PEN,38.00,35.70,40.30
10239,Toluna,M6 & RTL,1764,2026-08-18,2026-08-19,1er,François Hollande et Gabriel Attal,MARINE TONDELIER,4.00,3.10,4.90
10239,Toluna,M6 & RTL,1764,2026-08-18,2026-08-19,1er,François Hollande et Gabriel Attal,NATHALIE ARTHAUD,1.00,0.50,1.50
10239,Toluna,M6 & RTL,1764,2026-08-18,2026-08-19,1er,François Hollande et Gabriel Attal,NICOLAS DUPONT-AIGNAN,2.00,1.30,2.70
10239,Toluna,M6 & RTL,1764,2026-08-18,2026-08-19,1er,François Hollande et Gabriel Attal,ERIC ZEMMOUR,4.00,3.10,4.90
10239,Toluna,M6 & RTL,1764,2026-08-18,2026-08-19,1er,Raphaël Glucksmann et Gabriel Attal,BRUNO RETAILLEAU,9.00,7.70,10.30
10239,Toluna,M6 & RTL,1764,2026-08-18,2026-08-19,1er,Raphaël Glucksmann et Gabriel Attal,FABIEN ROUSSEL,2.00,1.30,2.70
10239,Toluna,M6 & RTL,1764,2026-08-18,2026-08-19,1er,Raphaël Glucksmann et Gabriel Attal,GABRIEL ATTAL,15.00,13.30,16.70
10239,Toluna,M6 & RTL,1764,2026-08-18,2026-08-19,1er,Raphaël Glucksmann et Gabriel Attal,JEAN-LUC MELENCHON,17.00,15.20,18.80
10239,Toluna,M6 & RTL,1764,2026-08-18,2026-08-19,1er,Raphaël Glucksmann et Gabriel Attal,MARINE LE PEN,37.00,34.70,39.30
10239,Toluna,M6 & RTL,1764,2026-08-18,2026-08-19,1er,Raphaël Glucksmann et Gabriel Attal,MARINE TONDELIER,3.00,2.20,3.80
10239,Toluna,M6 & RTL,1764,2026-08-18,2026-08-19,1er,Raphaël Glucksmann et Gabriel Attal,NATHALIE ARTHAUD,1.00,0.50,1.50
10239,Toluna,M6 & RTL,1764,2026-08-18,2026-08-19,1er,Raphaël Glucksmann et Gabriel Attal,NICOLAS DUPONT-AIGNAN,2.00,1.30,2.70
10239,Toluna,M6 & RTL,1764,2026-08-18,2026-08-19,1er,Raphaël Glucksmann et Gabriel Attal,RAPHAEL GLUCKSMANN,11.00,9.50,12.50
10239,Toluna,M6 & RTL,1764,2026-08-18,2026-08-19,1er,Raphaël Glucksmann et Gabriel Attal,ERIC ZEMMOUR,3.00,2.20,3.80
10226,Elabe,"BFMTV, La Tribune Dimanche",1390,2026-07-09,2026-07-10,1er,Configuration 1,BRUNO RETAILLEAU,8.00,6.60,9.40
10226,Elabe,"BFMTV, La Tribune Dimanche",1390,2026-07-09,2026-07-10,1er,Configuration 1,DOMINIQUE DE VILLEPIN,2.50,1.70,3.30
10226,Elabe,"BFMTV, La Tribune Dimanche",1390,2026-07-09,2026-07-10,1er,Configuration 1,EDOUARD PHILIPPE,16.50,14.50,18.50
10226,Elabe,"BFMTV, La Tribune Dimanche",1390,2026-07-09,2026-07-10,1er,Configuration 1,ERIC ZEMMOUR,3.00,2.10,3.90
10226,Elabe,"BFMTV, La Tribune Dimanche",1390,2026-07-09,2026-07-10,1er,Configuration 1,FABIEN ROUSSEL,2.50,1.70,3.30
10226,Elabe,"BFMTV, La Tribune Dimanche",1390,2026-07-09,2026-07-10,1er,Configuration 1,JEAN-LUC MELENCHON,16.00,14.10,17.90
10226,Elabe,"BFMTV, La Tribune Dimanche",1390,2026-07-09,2026-07-10,1er,Configuration 1,MARINE LE PEN,35.00,32.50,37.50
10226,Elabe,"BFMTV, La Tribune Dimanche",1390,2026-07-09,2026-07-10,1er,Configuration 1,MARINE TONDELIER,3.50,2.50,4.50
10226,Elabe,"BFMTV, La Tribune Dimanche",1390,2026-07-09,2026-07-10,1er,Configuration 1,NATHALIE ARTHAUD,1.00,0.50,1.50
10226,Elabe,"BFMTV, La Tribune Dimanche",1390,2026-07-09,2026-07-10,1er,Configuration 1,NICOLAS DUPONT-AIGNAN,1.50,0.90,2.10
10226,Elabe,"BFMTV, La Tribune Dimanche",1390,2026-07-09,2026-07-10,1er,Configuration 1,RAPHAEL GLUCKSMANN,10.50,8.90,12.10
10226,Elabe,"BFMTV, La Tribune Dimanche",1390,2026-07-09,2026-07-10,1er,Configuration 4,BRUNO RETAILLEAU,11.00,9.40,12.60
10226,Elabe,"BFMTV, La Tribune Dimanche",1390,2026-07-09,2026-07-10,1er,Configuration 4,ERIC ZEMMOUR,3.50,2.50,4.50
10226,Elabe,"BFMTV, La Tribune Dimanche",1390,2026-07-09,2026-07-10,1er,Configuration 4,FABIEN ROUSSEL,2.50,1.70,3.30
10226,Elabe,"BFMTV, La Tribune Dimanche",1390,2026-07-09,2026-07-10,1er,Configuration 4,FRANCOIS HOLLANDE,8.00,6.60,9.40
10226,Elabe,"BFMTV, La Tribune Dimanche",1390,2026-07-09,2026-07-10,1er,Configuration 4,FRANCOIS RUFFIN,6.00,4.80,7.20
10226,Elabe,"BFMTV, La Tribune Dimanche",1390,2026-07-09,2026-07-10,1er,Configuration 4,GABRIEL ATTAL,15.50,13.60,17.40
10226,Elabe,"BFMTV, La Tribune Dimanche",1390,2026-07-09,2026-07-10,1er,Configuration 4,JEAN-LUC MELENCHON,15.00,13.10,16.90
10226,Elabe,"BFMTV, La Tribune Dimanche",1390,2026-07-09,2026-07-10,1er,Configuration 4,MARINE LE PEN,35.50,33.00,38.00
10226,Elabe,"BFMTV, La Tribune Dimanche",1390,2026-07-09,2026-07-10,1er,Configuration 4,NATHALIE ARTHAUD,1.50,0.90,2.10
10226,Elabe,"BFMTV, La Tribune Dimanche",1390,2026-07-09,2026-07-10,1er,Configuration 4,NICOLAS DUPONT-AIGNAN,1.50,0.90,2.10
10226,Elabe,"BFMTV, La Tribune Dimanche",1390,2026-07-09,2026-07-10,1er,Configuration 3,BRUNO RETAILLEAU,9.00,7.50,10.50
10226,Elabe,"BFMTV, La Tribune Dimanche",1390,2026-07-09,2026-07-10,1er,Configuration 3,EDOUARD PHILIPPE,19.00,16.90,21.10
10226,Elabe,"BFMTV, La Tribune Dimanche",1390,2026-07-09,2026-07-10,1er,Configuration 3,ERIC ZEMMOUR,2.50,1.70,3.30
10226,Elabe,"BFMTV, La Tribune Dimanche",1390,2026-07-09,2026-07-10,1er,Configuration 3,FABIEN ROUSSEL,2.00,1.30,2.70
10226,Elabe,"BFMTV, La Tribune Dimanche",1390,2026-07-09,2026-07-10,1er,Configuration 3,FRANCOIS HOLLANDE,9.00,7.50,10.50
10226,Elabe,"BFMTV, La Tribune Dimanche",1390,2026-07-09,2026-07-10,1er,Configuration 3,FRANCOIS RUFFIN,6.00,4.80,7.20
10226,Elabe,"BFMTV, La Tribune Dimanche",1390,2026-07-09,2026-07-10,1er,Configuration 3,JEAN-LUC MELENCHON,14.50,12.60,16.40
10226,Elabe,"BFMTV, La Tribune Dimanche",1390,2026-07-09,2026-07-10,1er,Configuration 3,MARINE LE PEN,35.00,32.50,37.50
10226,Elabe,"BFMTV, La Tribune Dimanche",1390,2026-07-09,2026-07-10,1er,Configuration 3,NATHALIE ARTHAUD,1.50,0.90,2.10
10226,Elabe,"BFMTV, La Tribune Dimanche",1390,2026-07-09,2026-07-10,1er,Configuration 3,NICOLAS DUPONT-AIGNAN,1.50,0.90,2.10
10226,Elabe,"BFMTV, La Tribune Dimanche",1390,2026-07-09,2026-07-10,1er,Configuration 6,BRUNO RETAILLEAU,8.00,6.60,9.40
10226,Elabe,"BFMTV, La Tribune Dimanche",1390,2026-07-09,2026-07-10,1er,Configuration 6,DOMINIQUE DE VILLEPIN,3.00,2.10,3.90
10226,Elabe,"BFMTV, La Tribune Dimanche",1390,2026-07-09,2026-07-10,1er,Configuration 6,EDOUARD PHILIPPE,18.00,16.00,20.00
10226,Elabe,"BFMTV, La Tribune Dimanche",1390,2026-07-09,2026-07-10,1er,Configuration 6,ERIC ZEMMOUR,3.00,2.10,3.90
10226,Elabe,"BFMTV, La Tribune Dimanche",1390,2026-07-09,2026-07-10,1er,Configuration 6,FABIEN ROUSSEL,3.00,2.10,3.90
10226,Elabe,"BFMTV, La Tribune Dimanche",1390,2026-07-09,2026-07-10,1er,Configuration 6,FRANCOIS HOLLANDE,8.00,6.60,9.40
10226,Elabe,"BFMTV, La Tribune Dimanche",1390,2026-07-09,2026-07-10,1er,Configuration 6,JEAN-LUC MELENCHON,15.00,13.10,16.90
10226,Elabe,"BFMTV, La Tribune Dimanche",1390,2026-07-09,2026-07-10,1er,Configuration 6,MARINE LE PEN,34.50,32.00,37.00
10226,Elabe,"BFMTV, La Tribune Dimanche",1390,2026-07-09,2026-07-10,1er,Configuration 6,MARINE TONDELIER,4.00,3.00,5.00
10226,Elabe,"BFMTV, La Tribune Dimanche",1390,2026-07-09,2026-07-10,1er,Configuration 6,NATHALIE ARTHAUD,2.00,1.30,2.70
10226,Elabe,"BFMTV, La Tribune Dimanche",1390,2026-07-09,2026-07-10,1er,Configuration 6,NICOLAS DUPONT-AIGNAN,1.50,0.90,2.10
10226,Elabe,"BFMTV, La Tribune Dimanche",1390,2026-07-09,2026-07-10,1er,Configuration 5,BRUNO RETAILLEAU,8.50,7.00,10.00
10226,Elabe,"BFMTV, La Tribune Dimanche",1390,2026-07-09,2026-07-10,1er,Configuration 5,EDOUARD PHILIPPE,14.00,12.20,15.80
10226,Elabe,"BFMTV, La Tribune Dimanche",1390,2026-07-09,2026-07-10,1er,Configuration 5,ERIC ZEMMOUR,3.00,2.10,3.90
10226,Elabe,"BFMTV, La Tribune Dimanche",1390,2026-07-09,2026-07-10,1er,Configuration 5,FABIEN ROUSSEL,2.50,1.70,3.30
10226,Elabe,"BFMTV, La Tribune Dimanche",1390,2026-07-09,2026-07-10,1er,Configuration 5,GABRIEL ATTAL,7.50,6.10,8.90
10226,Elabe,"BFMTV, La Tribune Dimanche",1390,2026-07-09,2026-07-10,1er,Configuration 5,JEAN-LUC MELENCHON,14.50,12.60,16.40
10226,Elabe,"BFMTV, La Tribune Dimanche",1390,2026-07-09,2026-07-10,1er,Configuration 5,MARINE LE PEN,35.00,32.50,37.50
10226,Elabe,"BFMTV, La Tribune Dimanche",1390,2026-07-09,2026-07-10,1er,Configuration 5,MARINE TONDELIER,4.00,3.00,5.00
10226,Elabe,"BFMTV, La Tribune Dimanche",1390,2026-07-09,2026-07-10,1er,Configuration 5,NATHALIE ARTHAUD,1.00,0.50,1.50
10226,Elabe,"BFMTV, La Tribune Dimanche",1390,2026-07-09,2026-07-10,1er,Configuration 5,NICOLAS DUPONT-AIGNAN,1.50,0.90,2.10
10226,Elabe,"BFMTV, La Tribune Dimanche",1390,2026-07-09,2026-07-10,1er,Configuration 5,RAPHAEL GLUCKSMANN,8.50,7.00,10.00
10226,Elabe,"BFMTV, La Tribune Dimanche",1390,2026-07-09,2026-07-10,1er,Configuration 2,BRUNO RETAILLEAU,11.00,9.40,12.60
10226,Elabe,"BFMTV, La Tribune Dimanche",1390,2026-07-09,2026-07-10,1er,Configuration 2,DOMINIQUE DE VILLEPIN,3.50,2.50,4.50
10226,Elabe,"BFMTV, La Tribune Dimanche",1390,2026-07-09,2026-07-10,1er,Configuration 2,ERIC ZEMMOUR,3.50,2.50,4.50
10226,Elabe,"BFMTV, La Tribune Dimanche",1390,2026-07-09,2026-07-10,1er,Configuration 2,FABIEN ROUSSEL,2.50,1.70,3.30
10226,Elabe,"BFMTV, La Tribune Dimanche",1390,2026-07-09,2026-07-10,1er,Configuration 2,GABRIEL ATTAL,13.50,11.70,15.30
10226,Elabe,"BFMTV, La Tribune Dimanche",1390,2026-07-09,2026-07-10,1er,Configuration 2,JEAN-LUC MELENCHON,14.50,12.60,16.40
10226,Elabe,"BFMTV, La Tribune Dimanche",1390,2026-07-09,2026-07-10,1er,Configuration 2,MARINE LE PEN,34.00,31.50,36.50
10226,Elabe,"BFMTV, La Tribune Dimanche",1390,2026-07-09,2026-07-10,1er,Configuration 2,MARINE TONDELIER,3.50,2.50,4.50
10226,Elabe,"BFMTV, La Tribune Dimanche",1390,2026-07-09,2026-07-10,1er,Configuration 2,NATHALIE ARTHAUD,1.50,0.90,2.10
10226,Elabe,"BFMTV, La Tribune Dimanche",1390,2026-07-09,2026-07-10,1er,Configuration 2,NICOLAS DUPONT-AIGNAN,1.50,0.90,2.10
10226,Elabe,"BFMTV, La Tribune Dimanche",1390,2026-07-09,2026-07-10,1er,Configuration 2,RAPHAEL GLUCKSMANN,11.00,9.40,12.60
10225,Verian,L'Hémicycle,987,2026-07-08,2026-07-10,1er,Intention de vote au 1er tour de l'élection présidentielle,BRUNO RETAILLEAU,7.00,5.40,8.60
10225,Verian,L'Hémicycle,987,2026-07-08,2026-07-10,1er,Intention de vote au 1er tour de l'élection présidentielle,EDOUARD PHILIPPE,17.00,14.70,19.30
10225,Verian,L'Hémicycle,987,2026-07-08,2026-07-10,1er,Intention de vote au 1er tour de l'élection présidentielle,ERIC ZEMMOUR,3.00,1.90,4.10
10225,Verian,L'Hémicycle,987,2026-07-08,2026-07-10,1er,Intention de vote au 1er tour de l'élection présidentielle,FABIEN ROUSSEL,2.00,1.10,2.90
10225,Verian,L'Hémicycle,987,2026-07-08,2026-07-10,1er,Intention de vote au 1er tour de l'élection présidentielle,GABRIEL ATTAL,8.00,6.30,9.70
10225,Verian,L'Hémicycle,987,2026-07-08,2026-07-10,1er,Intention de vote au 1er tour de l'élection présidentielle,JEAN-LUC MELENCHON,15.00,12.80,17.20
10225,Verian,L'Hémicycle,987,2026-07-08,2026-07-10,1er,Intention de vote au 1er tour de l'élection présidentielle,MARINE LE PEN,37.00,34.00,40.00
10225,Verian,L'Hémicycle,987,2026-07-08,2026-07-10,1er,Intention de vote au 1er tour de l'élection présidentielle,RAPHAEL GLUCKSMANN,11.00,9.00,13.00
10224,OpinionWay,Les Echos / Radio Classique,963,2026-07-08,2026-07-09,1er,Hypothèse 1 : Gabriel Attal et Edouard Philippe candidats du centre,BRUNO RETAILLEAU,8.00,6.30,9.70
10224,OpinionWay,Les Echos / Radio Classique,963,2026-07-08,2026-07-09,1er,Hypothèse 1 : Gabriel Attal et Edouard Philippe candidats du centre,EDOUARD PHILIPPE,18.00,15.60,20.40
10224,OpinionWay,Les Echos / Radio Classique,963,2026-07-08,2026-07-09,1er,Hypothèse 1 : Gabriel Attal et Edouard Philippe candidats du centre,ERIC ZEMMOUR,3.00,1.90,4.10
10224,OpinionWay,Les Echos / Radio Classique,963,2026-07-08,2026-07-09,1er,Hypothèse 1 : Gabriel Attal et Edouard Philippe candidats du centre,FABIEN ROUSSEL,2.00,1.10,2.90
10224,OpinionWay,Les Echos / Radio Classique,963,2026-07-08,2026-07-09,1er,Hypothèse 1 : Gabriel Attal et Edouard Philippe candidats du centre,GABRIEL ATTAL,7.00,5.40,8.60
10224,OpinionWay,Les Echos / Radio Classique,963,2026-07-08,2026-07-09,1er,Hypothèse 1 : Gabriel Attal et Edouard Philippe candidats du centre,JEAN-LUC MELENCHON,13.00,10.90,15.10
10224,OpinionWay,Les Echos / Radio Classique,963,2026-07-08,2026-07-09,1er,Hypothèse 1 : Gabriel Attal et Edouard Philippe candidats du centre,MARINE LE PEN,35.00,32.00,38.00
10224,OpinionWay,Les Echos / Radio Classique,963,2026-07-08,2026-07-09,1er,Hypothèse 1 : Gabriel Attal et Edouard Philippe candidats du centre,MARINE TONDELIER,5.00,3.60,6.40
10224,OpinionWay,Les Echos / Radio Classique,963,2026-07-08,2026-07-09,1er,Hypothèse 1 : Gabriel Attal et Edouard Philippe candidats du centre,RAPHAEL GLUCKSMANN,9.00,7.20,10.80
10224,OpinionWay,Les Echos / Radio Classique,963,2026-07-08,2026-07-09,1er,Hypothèse 2 : Gabriel Attal candidat du centre,BRUNO RETAILLEAU,12.00,9.90,14.10
10224,OpinionWay,Les Echos / Radio Classique,963,2026-07-08,2026-07-09,1er,Hypothèse 2 : Gabriel Attal candidat du centre,ERIC ZEMMOUR,3.00,1.90,4.10
10224,OpinionWay,Les Echos / Radio Classique,963,2026-07-08,2026-07-09,1er,Hypothèse 2 : Gabriel Attal candidat du centre,FABIEN ROUSSEL,2.00,1.10,2.90
10224,OpinionWay,Les Echos / Radio Classique,963,2026-07-08,2026-07-09,1er,Hypothèse 2 : Gabriel Attal candidat du centre,GABRIEL ATTAL,16.00,13.70,18.30
10224,OpinionWay,Les Echos / Radio Classique,963,2026-07-08,2026-07-09,1er,Hypothèse 2 : Gabriel Attal candidat du centre,JEAN-LUC MELENCHON,15.00,12.70,17.30
10224,OpinionWay,Les Echos / Radio Classique,963,2026-07-08,2026-07-09,1er,Hypothèse 2 : Gabriel Attal candidat du centre,MARINE LE PEN,36.00,33.00,39.00
10224,OpinionWay,Les Echos / Radio Classique,963,2026-07-08,2026-07-09,1er,Hypothèse 2 : Gabriel Attal candidat du centre,MARINE TONDELIER,5.00,3.60,6.40
10224,OpinionWay,Les Echos / Radio Classique,963,2026-07-08,2026-07-09,1er,Hypothèse 2 : Gabriel Attal candidat du centre,NATHALIE ARTHAUD,1.00,0.40,1.60
10224,OpinionWay,Les Echos / Radio Classique,963,2026-07-08,2026-07-09,1er,Hypothèse 2 : Gabriel Attal candidat du centre,RAPHAEL GLUCKSMANN,10.00,8.10,11.90
10224,OpinionWay,Les Echos / Radio Classique,963,2026-07-08,2026-07-09,1er,Hypothèse 3 : Édouard Philippe candidat du centre,BRUNO RETAILLEAU,9.00,7.20,10.80
10224,OpinionWay,Les Echos / Radio Classique,963,2026-07-08,2026-07-09,1er,Hypothèse 3 : Édouard Philippe candidat du centre,EDOUARD PHILIPPE,22.00,19.40,24.60
10224,OpinionWay,Les Echos / Radio Classique,963,2026-07-08,2026-07-09,1er,Hypothèse 3 : Édouard Philippe candidat du centre,ERIC ZEMMOUR,4.00,2.80,5.20
10224,OpinionWay,Les Echos / Radio Classique,963,2026-07-08,2026-07-09,1er,Hypothèse 3 : Édouard Philippe candidat du centre,FABIEN ROUSSEL,2.00,1.10,2.90
10224,OpinionWay,Les Echos / Radio Classique,963,2026-07-08,2026-07-09,1er,Hypothèse 3 : Édouard Philippe candidat du centre,JEAN-LUC MELENCHON,15.00,12.70,17.30
10224,OpinionWay,Les Echos / Radio Classique,963,2026-07-08,2026-07-09,1er,Hypothèse 3 : Édouard Philippe candidat du centre,MARINE LE PEN,34.00,31.00,37.00
10224,OpinionWay,Les Echos / Radio Classique,963,2026-07-08,2026-07-09,1er,Hypothèse 3 : Édouard Philippe candidat du centre,MARINE TONDELIER,4.00,2.80,5.20
10224,OpinionWay,Les Echos / Radio Classique,963,2026-07-08,2026-07-09,1er,Hypothèse 3 : Édouard Philippe candidat du centre,NATHALIE ARTHAUD,1.00,0.40,1.60
10224,OpinionWay,Les Echos / Radio Classique,963,2026-07-08,2026-07-09,1er,Hypothèse 3 : Édouard Philippe candidat du centre,RAPHAEL GLUCKSMANN,9.00,7.20,10.80
10223,Toluna,M6 & RTL,1592,2026-07-07,2026-07-08,1er,François Hollande et Gabriel Attal,BRUNO RETAILLEAU,8.00,6.70,9.30
10223,Toluna,M6 & RTL,1592,2026-07-07,2026-07-08,1er,François Hollande et Gabriel Attal,ERIC ZEMMOUR,5.00,3.90,6.10
10223,Toluna,M6 & RTL,1592,2026-07-07,2026-07-08,1er,François Hollande et Gabriel Attal,FABIEN ROUSSEL,3.00,2.20,3.80
10223,Toluna,M6 & RTL,1592,2026-07-07,2026-07-08,1er,François Hollande et Gabriel Attal,FRANCOIS HOLLANDE,8.00,6.70,9.30
10223,Toluna,M6 & RTL,1592,2026-07-07,2026-07-08,1er,François Hollande et Gabriel Attal,GABRIEL ATTAL,16.00,14.20,17.80
10223,Toluna,M6 & RTL,1592,2026-07-07,2026-07-08,1er,François Hollande et Gabriel Attal,JEAN-LUC MELENCHON,16.00,14.20,17.80
10223,Toluna,M6 & RTL,1592,2026-07-07,2026-07-08,1er,François Hollande et Gabriel Attal,MARINE LE PEN,36.00,33.60,38.40
10223,Toluna,M6 & RTL,1592,2026-07-07,2026-07-08,1er,François Hollande et Gabriel Attal,MARINE TONDELIER,5.00,3.90,6.10
10223,Toluna,M6 & RTL,1592,2026-07-07,2026-07-08,1er,François Hollande et Gabriel Attal,NATHALIE ARTHAUD,1.00,0.50,1.50
10223,Toluna,M6 & RTL,1592,2026-07-07,2026-07-08,1er,François Hollande et Gabriel Attal,NICOLAS DUPONT-AIGNAN,2.00,1.30,2.70
10223,Toluna,M6 & RTL,1592,2026-07-07,2026-07-08,1er,Raphaël Glucksmann et Édouard Philippe,BRUNO RETAILLEAU,8.00,6.70,9.30
10223,Toluna,M6 & RTL,1592,2026-07-07,2026-07-08,1er,Raphaël Glucksmann et Édouard Philippe,EDOUARD PHILIPPE,20.00,18.00,22.00
10223,Toluna,M6 & RTL,1592,2026-07-07,2026-07-08,1er,Raphaël Glucksmann et Édouard Philippe,ERIC ZEMMOUR,4.00,3.00,5.00
10223,Toluna,M6 & RTL,1592,2026-07-07,2026-07-08,1er,Raphaël Glucksmann et Édouard Philippe,FABIEN ROUSSEL,2.00,1.30,2.70
10223,Toluna,M6 & RTL,1592,2026-07-07,2026-07-08,1er,Raphaël Glucksmann et Édouard Philippe,JEAN-LUC MELENCHON,16.00,14.20,17.80
10223,Toluna,M6 & RTL,1592,2026-07-07,2026-07-08,1er,Raphaël Glucksmann et Édouard Philippe,MARINE LE PEN,34.00,31.70,36.30
10223,Toluna,M6 & RTL,1592,2026-07-07,2026-07-08,1er,Raphaël Glucksmann et Édouard Philippe,MARINE TONDELIER,3.00,2.20,3.80
10223,Toluna,M6 & RTL,1592,2026-07-07,2026-07-08,1er,Raphaël Glucksmann et Édouard Philippe,NATHALIE ARTHAUD,1.00,0.50,1.50
10223,Toluna,M6 & RTL,1592,2026-07-07,2026-07-08,1er,Raphaël Glucksmann et Édouard Philippe,NICOLAS DUPONT-AIGNAN,1.00,0.50,1.50
10223,Toluna,M6 & RTL,1592,2026-07-07,2026-07-08,1er,Raphaël Glucksmann et Édouard Philippe,RAPHAEL GLUCKSMANN,11.00,9.50,12.50
10223,Toluna,M6 & RTL,1592,2026-07-07,2026-07-08,1er,François Hollande et Édouard Philippe,BRUNO RETAILLEAU,8.00,6.70,9.30
10223,Toluna,M6 & RTL,1592,2026-07-07,2026-07-08,1er,François Hollande et Édouard Philippe,EDOUARD PHILIPPE,20.00,18.00,22.00
10223,Toluna,M6 & RTL,1592,2026-07-07,2026-07-08,1er,François Hollande et Édouard Philippe,ERIC ZEMMOUR,4.00,3.00,5.00
10223,Toluna,M6 & RTL,1592,2026-07-07,2026-07-08,1er,François Hollande et Édouard Philippe,FABIEN ROUSSEL,3.00,2.20,3.80
10223,Toluna,M6 & RTL,1592,2026-07-07,2026-07-08,1er,François Hollande et Édouard Philippe,FRANCOIS HOLLANDE,8.00,6.70,9.30
10223,Toluna,M6 & RTL,1592,2026-07-07,2026-07-08,1er,François Hollande et Édouard Philippe,JEAN-LUC MELENCHON,16.00,14.20,17.80
10223,Toluna,M6 & RTL,1592,2026-07-07,2026-07-08,1er,François Hollande et Édouard Philippe,MARINE LE PEN,35.00,32.70,37.30
10223,Toluna,M6 & RTL,1592,2026-07-07,2026-07-08,1er,François Hollande et Édouard Philippe,MARINE TONDELIER,4.00,3.00,5.00
10223,Toluna,M6 & RTL,1592,2026-07-07,2026-07-08,1er,François Hollande et Édouard Philippe,NATHALIE ARTHAUD,1.00,0.50,1.50
10223,Toluna,M6 & RTL,1592,2026-07-07,2026-07-08,1er,François Hollande et Édouard Philippe,NICOLAS DUPONT-AIGNAN,1.00,0.50,1.50
10223,Toluna,M6 & RTL,1592,2026-07-07,2026-07-08,1er,"Raphaël Glucksmann, Gabriel Attal et Édouard Philippe",BRUNO RETAILLEAU,7.00,5.70,8.30
10223,Toluna,M6 & RTL,1592,2026-07-07,2026-07-08,1er,"Raphaël Glucksmann, Gabriel Attal et Édouard Philippe",EDOUARD PHILIPPE,14.00,12.30,15.70
10223,Toluna,M6 & RTL,1592,2026-07-07,2026-07-08,1er,"Raphaël Glucksmann, Gabriel Attal et Édouard Philippe",ERIC ZEMMOUR,4.00,3.00,5.00
10223,Toluna,M6 & RTL,1592,2026-07-07,2026-07-08,1er,"Raphaël Glucksmann, Gabriel Attal et Édouard Philippe",FABIEN ROUSSEL,2.00,1.30,2.70
10223,Toluna,M6 & RTL,1592,2026-07-07,2026-07-08,1er,"Raphaël Glucksmann, Gabriel Attal et Édouard Philippe",GABRIEL ATTAL,8.00,6.70,9.30
10223,Toluna,M6 & RTL,1592,2026-07-07,2026-07-08,1er,"Raphaël Glucksmann, Gabriel Attal et Édouard Philippe",JEAN-LUC MELENCHON,16.00,14.20,17.80
10223,Toluna,M6 & RTL,1592,2026-07-07,2026-07-08,1er,"Raphaël Glucksmann, Gabriel Attal et Édouard Philippe",MARINE LE PEN,35.00,32.70,37.30
10223,Toluna,M6 & RTL,1592,2026-07-07,2026-07-08,1er,"Raphaël Glucksmann, Gabriel Attal et Édouard Philippe",MARINE TONDELIER,2.00,1.30,2.70
10223,Toluna,M6 & RTL,1592,2026-07-07,2026-07-08,1er,"Raphaël Glucksmann, Gabriel Attal et Édouard Philippe",NATHALIE ARTHAUD,1.00,0.50,1.50
10223,Toluna,M6 & RTL,1592,2026-07-07,2026-07-08,1er,"Raphaël Glucksmann, Gabriel Attal et Édouard Philippe",NICOLAS DUPONT-AIGNAN,1.00,0.50,1.50
10223,Toluna,M6 & RTL,1592,2026-07-07,2026-07-08,1er,"Raphaël Glucksmann, Gabriel Attal et Édouard Philippe",RAPHAEL GLUCKSMANN,10.00,8.50,11.50
10223,Toluna,M6 & RTL,1592,2026-07-07,2026-07-08,1er,Raphaël Glucksmann et Gabriel Attal,BRUNO RETAILLEAU,9.00,7.60,10.40
10223,Toluna,M6 & RTL,1592,2026-07-07,2026-07-08,1er,Raphaël Glucksmann et Gabriel Attal,ERIC ZEMMOUR,4.00,3.00,5.00
10223,Toluna,M6 & RTL,1592,2026-07-07,2026-07-08,1er,Raphaël Glucksmann et Gabriel Attal,FABIEN ROUSSEL,3.00,2.20,3.80
10223,Toluna,M6 & RTL,1592,2026-07-07,2026-07-08,1er,Raphaël Glucksmann et Gabriel Attal,GABRIEL ATTAL,16.00,14.20,17.80
10223,Toluna,M6 & RTL,1592,2026-07-07,2026-07-08,1er,Raphaël Glucksmann et Gabriel Attal,JEAN-LUC MELENCHON,16.00,14.20,17.80
10223,Toluna,M6 & RTL,1592,2026-07-07,2026-07-08,1er,Raphaël Glucksmann et Gabriel Attal,MARINE LE PEN,36.00,33.60,38.40
10223,Toluna,M6 & RTL,1592,2026-07-07,2026-07-08,1er,Raphaël Glucksmann et Gabriel Attal,MARINE TONDELIER,3.00,2.20,3.80
10223,Toluna,M6 & RTL,1592,2026-07-07,2026-07-08,1er,Raphaël Glucksmann et Gabriel Attal,NATHALIE ARTHAUD,1.00,0.50,1.50
10223,Toluna,M6 & RTL,1592,2026-07-07,2026-07-08,1er,Raphaël Glucksmann et Gabriel Attal,NICOLAS DUPONT-AIGNAN,1.00,0.50,1.50
10223,Toluna,M6 & RTL,1592,2026-07-07,2026-07-08,1er,Raphaël Glucksmann et Gabriel Attal,RAPHAEL GLUCKSMANN,11.00,9.50,12.50
10222,Ifop,LCI et Le Figaro,984,2026-07-07,2026-07-08,1er,hypothèse G. Attal,BRUNO RETAILLEAU,10.00,8.10,11.90
10222,Ifop,LCI et Le Figaro,984,2026-07-07,2026-07-08,1er,hypothèse G. Attal,ERIC ZEMMOUR,3.50,2.40,4.60
10222,Ifop,LCI et Le Figaro,984,2026-07-07,2026-07-08,1er,hypothèse G. Attal,FABIEN ROUSSEL,2.00,1.10,2.90
10222,Ifop,LCI et Le Figaro,984,2026-07-07,2026-07-08,1er,hypothèse G. Attal,GABRIEL ATTAL,15.00,12.80,17.20
10222,Ifop,LCI et Le Figaro,984,2026-07-07,2026-07-08,1er,hypothèse G. Attal,JEAN-LUC MELENCHON,15.00,12.80,17.20
10222,Ifop,LCI et Le Figaro,984,2026-07-07,2026-07-08,1er,hypothèse G. Attal,MARINE LE PEN,36.00,33.00,39.00
10222,Ifop,LCI et Le Figaro,984,2026-07-07,2026-07-08,1er,hypothèse G. Attal,MARINE TONDELIER,4.00,2.80,5.20
10222,Ifop,LCI et Le Figaro,984,2026-07-07,2026-07-08,1er,hypothèse G. Attal,NATHALIE ARTHAUD,0.50,0.10,0.90
10222,Ifop,LCI et Le Figaro,984,2026-07-07,2026-07-08,1er,hypothèse G. Attal,NICOLAS DUPONT-AIGNAN,2.00,1.10,2.90
10222,Ifop,LCI et Le Figaro,984,2026-07-07,2026-07-08,1er,hypothèse G. Attal,RAPHAEL GLUCKSMANN,12.00,10.00,14.00
10222,Ifop,LCI et Le Figaro,984,2026-07-07,2026-07-08,1er,hypothèse E. Philippe,BRUNO RETAILLEAU,8.00,6.30,9.70
10222,Ifop,LCI et Le Figaro,984,2026-07-07,2026-07-08,1er,hypothèse E. Philippe,EDOUARD PHILIPPE,19.00,16.50,21.50
10222,Ifop,LCI et Le Figaro,984,2026-07-07,2026-07-08,1er,hypothèse E. Philippe,ERIC ZEMMOUR,4.00,2.80,5.20
10222,Ifop,LCI et Le Figaro,984,2026-07-07,2026-07-08,1er,hypothèse E. Philippe,FABIEN ROUSSEL,3.00,1.90,4.10
10222,Ifop,LCI et Le Figaro,984,2026-07-07,2026-07-08,1er,hypothèse E. Philippe,JEAN-LUC MELENCHON,15.00,12.80,17.20
10222,Ifop,LCI et Le Figaro,984,2026-07-07,2026-07-08,1er,hypothèse E. Philippe,MARINE LE PEN,36.00,33.00,39.00
10222,Ifop,LCI et Le Figaro,984,2026-07-07,2026-07-08,1er,hypothèse E. Philippe,MARINE TONDELIER,3.50,2.40,4.60
10222,Ifop,LCI et Le Figaro,984,2026-07-07,2026-07-08,1er,hypothèse E. Philippe,NATHALIE ARTHAUD,0.50,0.10,0.90
10222,Ifop,LCI et Le Figaro,984,2026-07-07,2026-07-08,1er,hypothèse E. Philippe,NICOLAS DUPONT-AIGNAN,2.00,1.10,2.90
10222,Ifop,LCI et Le Figaro,984,2026-07-07,2026-07-08,1er,hypothèse E. Philippe,RAPHAEL GLUCKSMANN,9.00,7.20,10.80
10211,Ifop,"LCI, Le Figaro et Sud Radio",1415,2026-06-22,2026-06-24,1er,"hypothèse F. Hollande, gauche hors LFI unie",BRUNO RETAILLEAU,10.00,8.40,11.60
10211,Ifop,"LCI, Le Figaro et Sud Radio",1415,2026-06-22,2026-06-24,1er,"hypothèse F. Hollande, gauche hors LFI unie",EDOUARD PHILIPPE,21.00,18.90,23.10
10211,Ifop,"LCI, Le Figaro et Sud Radio",1415,2026-06-22,2026-06-24,1er,"hypothèse F. Hollande, gauche hors LFI unie",ERIC ZEMMOUR,3.50,2.50,4.50
10211,Ifop,"LCI, Le Figaro et Sud Radio",1415,2026-06-22,2026-06-24,1er,"hypothèse F. Hollande, gauche hors LFI unie",FRANCOIS HOLLANDE,9.00,7.50,10.50
10211,Ifop,"LCI, Le Figaro et Sud Radio",1415,2026-06-22,2026-06-24,1er,"hypothèse F. Hollande, gauche hors LFI unie",JEAN-LUC MELENCHON,15.00,13.10,16.90
10211,Ifop,"LCI, Le Figaro et Sud Radio",1415,2026-06-22,2026-06-24,1er,"hypothèse F. Hollande, gauche hors LFI unie",JORDAN BARDELLA,37.00,34.50,39.50
10211,Ifop,"LCI, Le Figaro et Sud Radio",1415,2026-06-22,2026-06-24,1er,"hypothèse F. Hollande, gauche hors LFI unie",NATHALIE ARTHAUD,1.50,0.90,2.10
10211,Ifop,"LCI, Le Figaro et Sud Radio",1415,2026-06-22,2026-06-24,1er,hypothèse Bloc central G. Attal versus. E. Philippe,BRUNO RETAILLEAU,8.00,6.60,9.40
10211,Ifop,"LCI, Le Figaro et Sud Radio",1415,2026-06-22,2026-06-24,1er,hypothèse Bloc central G. Attal versus. E. Philippe,EDOUARD PHILIPPE,14.00,12.20,15.80
10211,Ifop,"LCI, Le Figaro et Sud Radio",1415,2026-06-22,2026-06-24,1er,hypothèse Bloc central G. Attal versus. E. Philippe,ERIC ZEMMOUR,4.00,3.00,5.00
10211,Ifop,"LCI, Le Figaro et Sud Radio",1415,2026-06-22,2026-06-24,1er,hypothèse Bloc central G. Attal versus. E. Philippe,FABIEN ROUSSEL,3.00,2.10,3.90
10211,Ifop,"LCI, Le Figaro et Sud Radio",1415,2026-06-22,2026-06-24,1er,hypothèse Bloc central G. Attal versus. E. Philippe,GABRIEL ATTAL,8.00,6.60,9.40
10211,Ifop,"LCI, Le Figaro et Sud Radio",1415,2026-06-22,2026-06-24,1er,hypothèse Bloc central G. Attal versus. E. Philippe,JEAN-LUC MELENCHON,13.00,11.20,14.80
10211,Ifop,"LCI, Le Figaro et Sud Radio",1415,2026-06-22,2026-06-24,1er,hypothèse Bloc central G. Attal versus. E. Philippe,JORDAN BARDELLA,36.00,33.50,38.50
10211,Ifop,"LCI, Le Figaro et Sud Radio",1415,2026-06-22,2026-06-24,1er,hypothèse Bloc central G. Attal versus. E. Philippe,MARINE TONDELIER,2.50,1.70,3.30
10211,Ifop,"LCI, Le Figaro et Sud Radio",1415,2026-06-22,2026-06-24,1er,hypothèse Bloc central G. Attal versus. E. Philippe,NATHALIE ARTHAUD,0.50,0.10,0.90
10211,Ifop,"LCI, Le Figaro et Sud Radio",1415,2026-06-22,2026-06-24,1er,hypothèse Bloc central G. Attal versus. E. Philippe,NICOLAS DUPONT-AIGNAN,2.00,1.30,2.70
10211,Ifop,"LCI, Le Figaro et Sud Radio",1415,2026-06-22,2026-06-24,1er,hypothèse Bloc central G. Attal versus. E. Philippe,RAPHAEL GLUCKSMANN,9.00,7.50,10.50
10211,Ifop,"LCI, Le Figaro et Sud Radio",1415,2026-06-22,2026-06-24,1er,hypothèse David Lisnard,BRUNO RETAILLEAU,9.00,7.50,10.50
10211,Ifop,"LCI, Le Figaro et Sud Radio",1415,2026-06-22,2026-06-24,1er,hypothèse David Lisnard,DAVID LISNARD,2.00,1.30,2.70
10211,Ifop,"LCI, Le Figaro et Sud Radio",1415,2026-06-22,2026-06-24,1er,hypothèse David Lisnard,EDOUARD PHILIPPE,19.00,17.00,21.00
10211,Ifop,"LCI, Le Figaro et Sud Radio",1415,2026-06-22,2026-06-24,1er,hypothèse David Lisnard,ERIC ZEMMOUR,4.50,3.40,5.60
10211,Ifop,"LCI, Le Figaro et Sud Radio",1415,2026-06-22,2026-06-24,1er,hypothèse David Lisnard,FABIEN ROUSSEL,2.50,1.70,3.30
10211,Ifop,"LCI, Le Figaro et Sud Radio",1415,2026-06-22,2026-06-24,1er,hypothèse David Lisnard,JEAN-LUC MELENCHON,13.00,11.20,14.80
10211,Ifop,"LCI, Le Figaro et Sud Radio",1415,2026-06-22,2026-06-24,1er,hypothèse David Lisnard,JORDAN BARDELLA,35.00,32.50,37.50
10211,Ifop,"LCI, Le Figaro et Sud Radio",1415,2026-06-22,2026-06-24,1er,hypothèse David Lisnard,MARINE TONDELIER,3.50,2.50,4.50
10211,Ifop,"LCI, Le Figaro et Sud Radio",1415,2026-06-22,2026-06-24,1er,hypothèse David Lisnard,NATHALIE ARTHAUD,1.00,0.50,1.50
10211,Ifop,"LCI, Le Figaro et Sud Radio",1415,2026-06-22,2026-06-24,1er,"hypothèse R. Glucksmann, gauche hors LFI unie",BRUNO RETAILLEAU,11.00,9.40,12.60
10211,Ifop,"LCI, Le Figaro et Sud Radio",1415,2026-06-22,2026-06-24,1er,"hypothèse R. Glucksmann, gauche hors LFI unie",EDOUARD PHILIPPE,20.00,17.90,22.10
10211,Ifop,"LCI, Le Figaro et Sud Radio",1415,2026-06-22,2026-06-24,1er,"hypothèse R. Glucksmann, gauche hors LFI unie",ERIC ZEMMOUR,4.00,3.00,5.00
10211,Ifop,"LCI, Le Figaro et Sud Radio",1415,2026-06-22,2026-06-24,1er,"hypothèse R. Glucksmann, gauche hors LFI unie",JEAN-LUC MELENCHON,14.00,12.20,15.80
10211,Ifop,"LCI, Le Figaro et Sud Radio",1415,2026-06-22,2026-06-24,1er,"hypothèse R. Glucksmann, gauche hors LFI unie",JORDAN BARDELLA,36.00,33.50,38.50
10211,Ifop,"LCI, Le Figaro et Sud Radio",1415,2026-06-22,2026-06-24,1er,"hypothèse R. Glucksmann, gauche hors LFI unie",NATHALIE ARTHAUD,1.50,0.90,2.10
10211,Ifop,"LCI, Le Figaro et Sud Radio",1415,2026-06-22,2026-06-24,1er,hypothèse M. Le Pen versus G. Attal,BRUNO RETAILLEAU,14.00,12.20,15.80
10211,Ifop,"LCI, Le Figaro et Sud Radio",1415,2026-06-22,2026-06-24,1er,hypothèse M. Le Pen versus G. Attal,ERIC ZEMMOUR,5.00,3.90,6.10
10211,Ifop,"LCI, Le Figaro et Sud Radio",1415,2026-06-22,2026-06-24,1er,hypothèse M. Le Pen versus G. Attal,FABIEN ROUSSEL,3.00,2.10,3.90
10211,Ifop,"LCI, Le Figaro et Sud Radio",1415,2026-06-22,2026-06-24,1er,hypothèse M. Le Pen versus G. Attal,GABRIEL ATTAL,15.00,13.10,16.90
10211,Ifop,"LCI, Le Figaro et Sud Radio",1415,2026-06-22,2026-06-24,1er,hypothèse M. Le Pen versus G. Attal,JEAN-LUC MELENCHON,13.00,11.20,14.80
10211,Ifop,"LCI, Le Figaro et Sud Radio",1415,2026-06-22,2026-06-24,1er,hypothèse M. Le Pen versus G. Attal,MARINE LE PEN,32.00,29.60,34.40
10211,Ifop,"LCI, Le Figaro et Sud Radio",1415,2026-06-22,2026-06-24,1er,hypothèse M. Le Pen versus G. Attal,MARINE TONDELIER,3.00,2.10,3.90
10211,Ifop,"LCI, Le Figaro et Sud Radio",1415,2026-06-22,2026-06-24,1er,hypothèse M. Le Pen versus G. Attal,NATHALIE ARTHAUD,1.00,0.50,1.50
10211,Ifop,"LCI, Le Figaro et Sud Radio",1415,2026-06-22,2026-06-24,1er,hypothèse M. Le Pen versus E. Philippe,BRUNO RETAILLEAU,11.00,9.40,12.60
10211,Ifop,"LCI, Le Figaro et Sud Radio",1415,2026-06-22,2026-06-24,1er,hypothèse M. Le Pen versus E. Philippe,EDOUARD PHILIPPE,20.00,17.90,22.10
10211,Ifop,"LCI, Le Figaro et Sud Radio",1415,2026-06-22,2026-06-24,1er,hypothèse M. Le Pen versus E. Philippe,ERIC ZEMMOUR,6.00,4.80,7.20
10211,Ifop,"LCI, Le Figaro et Sud Radio",1415,2026-06-22,2026-06-24,1er,hypothèse M. Le Pen versus E. Philippe,FABIEN ROUSSEL,3.00,2.10,3.90
10211,Ifop,"LCI, Le Figaro et Sud Radio",1415,2026-06-22,2026-06-24,1er,hypothèse M. Le Pen versus E. Philippe,JEAN-LUC MELENCHON,12.00,10.30,13.70
10211,Ifop,"LCI, Le Figaro et Sud Radio",1415,2026-06-22,2026-06-24,1er,hypothèse M. Le Pen versus E. Philippe,MARINE LE PEN,32.00,29.60,34.40
10211,Ifop,"LCI, Le Figaro et Sud Radio",1415,2026-06-22,2026-06-24,1er,hypothèse M. Le Pen versus E. Philippe,MARINE TONDELIER,4.00,3.00,5.00
10211,Ifop,"LCI, Le Figaro et Sud Radio",1415,2026-06-22,2026-06-24,1er,hypothèse M. Le Pen versus E. Philippe,NATHALIE ARTHAUD,1.00,0.50,1.50
10211,Ifop,"LCI, Le Figaro et Sud Radio",1415,2026-06-22,2026-06-24,1er,hypothèse Bloc central E. Philippe seul,BRUNO RETAILLEAU,9.00,7.50,10.50
10211,Ifop,"LCI, Le Figaro et Sud Radio",1415,2026-06-22,2026-06-24,1er,hypothèse Bloc central E. Philippe seul,EDOUARD PHILIPPE,19.00,17.00,21.00
10211,Ifop,"LCI, Le Figaro et Sud Radio",1415,2026-06-22,2026-06-24,1er,hypothèse Bloc central E. Philippe seul,ERIC ZEMMOUR,4.00,3.00,5.00
10211,Ifop,"LCI, Le Figaro et Sud Radio",1415,2026-06-22,2026-06-24,1er,hypothèse Bloc central E. Philippe seul,FABIEN ROUSSEL,3.00,2.10,3.90
10211,Ifop,"LCI, Le Figaro et Sud Radio",1415,2026-06-22,2026-06-24,1er,hypothèse Bloc central E. Philippe seul,JEAN-LUC MELENCHON,13.00,11.20,14.80
10211,Ifop,"LCI, Le Figaro et Sud Radio",1415,2026-06-22,2026-06-24,1er,hypothèse Bloc central E. Philippe seul,JORDAN BARDELLA,36.00,33.50,38.50
10211,Ifop,"LCI, Le Figaro et Sud Radio",1415,2026-06-22,2026-06-24,1er,hypothèse Bloc central E. Philippe seul,MARINE TONDELIER,3.50,2.50,4.50
10211,Ifop,"LCI, Le Figaro et Sud Radio",1415,2026-06-22,2026-06-24,1er,hypothèse Bloc central E. Philippe seul,NATHALIE ARTHAUD,0.50,0.10,0.90
10211,Ifop,"LCI, Le Figaro et Sud Radio",1415,2026-06-22,2026-06-24,1er,hypothèse Bloc central G. Attal seul,BRUNO RETAILLEAU,11.00,9.40,12.60
10211,Ifop,"LCI, Le Figaro et Sud Radio",1415,2026-06-22,2026-06-24,1er,hypothèse Bloc central G. Attal seul,ERIC ZEMMOUR,4.50,3.40,5.60
10211,Ifop,"LCI, Le Figaro et Sud Radio",1415,2026-06-22,2026-06-24,1er,hypothèse Bloc central G. Attal seul,FABIEN ROUSSEL,2.50,1.70,3.30
10211,Ifop,"LCI, Le Figaro et Sud Radio",1415,2026-06-22,2026-06-24,1er,hypothèse Bloc central G. Attal seul,GABRIEL ATTAL,15.00,13.10,16.90
10211,Ifop,"LCI, Le Figaro et Sud Radio",1415,2026-06-22,2026-06-24,1er,hypothèse Bloc central G. Attal seul,JEAN-LUC MELENCHON,13.00,11.20,14.80
10211,Ifop,"LCI, Le Figaro et Sud Radio",1415,2026-06-22,2026-06-24,1er,hypothèse Bloc central G. Attal seul,JORDAN BARDELLA,37.00,34.50,39.50
10211,Ifop,"LCI, Le Figaro et Sud Radio",1415,2026-06-22,2026-06-24,1er,hypothèse Bloc central G. Attal seul,MARINE TONDELIER,3.50,2.50,4.50
10211,Ifop,"LCI, Le Figaro et Sud Radio",1415,2026-06-22,2026-06-24,1er,hypothèse Bloc central G. Attal seul,NATHALIE ARTHAUD,0.50,0.10,0.90
10205,OpinionWay,Le Journal du Dimanche,901,2026-06-10,2026-06-11,1er,Hypothèse 1 : Gabriel Attal candidat du centre,BRUNO RETAILLEAU,9.00,7.10,10.90
10205,OpinionWay,Le Journal du Dimanche,901,2026-06-10,2026-06-11,1er,Hypothèse 1 : Gabriel Attal candidat du centre,ERIC ZEMMOUR,4.00,2.70,5.30
10205,OpinionWay,Le Journal du Dimanche,901,2026-06-10,2026-06-11,1er,Hypothèse 1 : Gabriel Attal candidat du centre,FABIEN ROUSSEL,4.00,2.70,5.30
10205,OpinionWay,Le Journal du Dimanche,901,2026-06-10,2026-06-11,1er,Hypothèse 1 : Gabriel Attal candidat du centre,GABRIEL ATTAL,14.00,11.70,16.30
10205,OpinionWay,Le Journal du Dimanche,901,2026-06-10,2026-06-11,1er,Hypothèse 1 : Gabriel Attal candidat du centre,JEAN-LUC MELENCHON,13.00,10.80,15.20
10205,OpinionWay,Le Journal du Dimanche,901,2026-06-10,2026-06-11,1er,Hypothèse 1 : Gabriel Attal candidat du centre,MARINE TONDELIER,4.00,2.70,5.30
10205,OpinionWay,Le Journal du Dimanche,901,2026-06-10,2026-06-11,1er,Hypothèse 1 : Gabriel Attal candidat du centre,NATHALIE ARTHAUD,1.00,0.40,1.60
10205,OpinionWay,Le Journal du Dimanche,901,2026-06-10,2026-06-11,1er,Hypothèse 1 : Gabriel Attal candidat du centre,NICOLAS DUPONT-AIGNAN,2.00,1.10,2.90
10205,OpinionWay,Le Journal du Dimanche,901,2026-06-10,2026-06-11,1er,Hypothèse 1 : Gabriel Attal candidat du centre,RAPHAEL GLUCKSMANN,14.00,11.70,16.30
10205,OpinionWay,Le Journal du Dimanche,901,2026-06-10,2026-06-11,1er,Hypothèse 2 : Édouard Philippe candidat du centre,BRUNO RETAILLEAU,8.00,6.20,9.80
10205,OpinionWay,Le Journal du Dimanche,901,2026-06-10,2026-06-11,1er,Hypothèse 2 : Édouard Philippe candidat du centre,EDOUARD PHILIPPE,19.00,16.40,21.60
10205,OpinionWay,Le Journal du Dimanche,901,2026-06-10,2026-06-11,1er,Hypothèse 2 : Édouard Philippe candidat du centre,ERIC ZEMMOUR,3.00,1.90,4.10
10205,OpinionWay,Le Journal du Dimanche,901,2026-06-10,2026-06-11,1er,Hypothèse 2 : Édouard Philippe candidat du centre,FABIEN ROUSSEL,3.00,1.90,4.10
10205,OpinionWay,Le Journal du Dimanche,901,2026-06-10,2026-06-11,1er,Hypothèse 2 : Édouard Philippe candidat du centre,JEAN-LUC MELENCHON,13.00,10.80,15.20
10205,OpinionWay,Le Journal du Dimanche,901,2026-06-10,2026-06-11,1er,Hypothèse 2 : Édouard Philippe candidat du centre,MARINE TONDELIER,5.00,3.60,6.40
10205,OpinionWay,Le Journal du Dimanche,901,2026-06-10,2026-06-11,1er,Hypothèse 2 : Édouard Philippe candidat du centre,NATHALIE ARTHAUD,1.00,0.40,1.60
10205,OpinionWay,Le Journal du Dimanche,901,2026-06-10,2026-06-11,1er,Hypothèse 2 : Édouard Philippe candidat du centre,NICOLAS DUPONT-AIGNAN,2.00,1.10,2.90
10205,OpinionWay,Le Journal du Dimanche,901,2026-06-10,2026-06-11,1er,Hypothèse 2 : Édouard Philippe candidat du centre,RAPHAEL GLUCKSMANN,13.00,10.80,15.20
10205,OpinionWay,Le Journal du Dimanche,901,2026-06-10,2026-06-11,1er,"Hypothèse 3 : Édouard Philippe candidat du centre, pas de candidat communiste ou écologiste",BRUNO RETAILLEAU,9.00,7.10,10.90
10205,OpinionWay,Le Journal du Dimanche,901,2026-06-10,2026-06-11,1er,"Hypothèse 3 : Édouard Philippe candidat du centre, pas de candidat communiste ou écologiste",EDOUARD PHILIPPE,19.00,16.40,21.60
10205,OpinionWay,Le Journal du Dimanche,901,2026-06-10,2026-06-11,1er,"Hypothèse 3 : Édouard Philippe candidat du centre, pas de candidat communiste ou écologiste",ERIC ZEMMOUR,3.00,1.90,4.10
10205,OpinionWay,Le Journal du Dimanche,901,2026-06-10,2026-06-11,1er,"Hypothèse 3 : Édouard Philippe candidat du centre, pas de candidat communiste ou écologiste",JEAN-LUC MELENCHON,16.00,13.60,18.40
10205,OpinionWay,Le Journal du Dimanche,901,2026-06-10,2026-06-11,1er,"Hypothèse 3 : Édouard Philippe candidat du centre, pas de candidat communiste ou écologiste",NATHALIE ARTHAUD,1.00,0.40,1.60
10205,OpinionWay,Le Journal du Dimanche,901,2026-06-10,2026-06-11,1er,"Hypothèse 3 : Édouard Philippe candidat du centre, pas de candidat communiste ou écologiste",NICOLAS DUPONT-AIGNAN,2.00,1.10,2.90
10205,OpinionWay,Le Journal du Dimanche,901,2026-06-10,2026-06-11,1er,"Hypothèse 3 : Édouard Philippe candidat du centre, pas de candidat communiste ou écologiste",RAPHAEL GLUCKSMANN,16.00,13.60,18.40
10195,Ipsos,Le Parisien,1500,2026-05-27,2026-05-28,1er,"R. Glucksmann, G. Attal et J. Bardella",BRUNO RETAILLEAU,10.00,8.50,11.50
10195,Ipsos,Le Parisien,1500,2026-05-27,2026-05-28,1er,"R. Glucksmann, G. Attal et J. Bardella",ERIC ZEMMOUR,4.00,3.00,5.00
10195,Ipsos,Le Parisien,1500,2026-05-27,2026-05-28,1er,"R. Glucksmann, G. Attal et J. Bardella",FABIEN ROUSSEL,3.00,2.10,3.90
10195,Ipsos,Le Parisien,1500,2026-05-27,2026-05-28,1er,"R. Glucksmann, G. Attal et J. Bardella",GABRIEL ATTAL,14.50,12.70,16.30
10195,Ipsos,Le Parisien,1500,2026-05-27,2026-05-28,1er,"R. Glucksmann, G. Attal et J. Bardella",JEAN-LUC MELENCHON,13.00,11.30,14.70
10195,Ipsos,Le Parisien,1500,2026-05-27,2026-05-28,1er,"R. Glucksmann, G. Attal et J. Bardella",JORDAN BARDELLA,35.00,32.60,37.40
10195,Ipsos,Le Parisien,1500,2026-05-27,2026-05-28,1er,"R. Glucksmann, G. Attal et J. Bardella",MARINE TONDELIER,4.00,3.00,5.00
10195,Ipsos,Le Parisien,1500,2026-05-27,2026-05-28,1er,"R. Glucksmann, G. Attal et J. Bardella",NATHALIE ARTHAUD,1.00,0.50,1.50
10195,Ipsos,Le Parisien,1500,2026-05-27,2026-05-28,1er,"R. Glucksmann, G. Attal et J. Bardella",NICOLAS DUPONT-AIGNAN,1.50,0.90,2.10
10195,Ipsos,Le Parisien,1500,2026-05-27,2026-05-28,1er,"R. Glucksmann, G. Attal et J. Bardella",RAPHAEL GLUCKSMANN,14.00,12.20,15.80
10195,Ipsos,Le Parisien,1500,2026-05-27,2026-05-28,1er,"F. Hollande, G. Attal et J. Bardella",BRUNO RETAILLEAU,10.00,8.50,11.50
10195,Ipsos,Le Parisien,1500,2026-05-27,2026-05-28,1er,"F. Hollande, G. Attal et J. Bardella",ERIC ZEMMOUR,4.00,3.00,5.00
10195,Ipsos,Le Parisien,1500,2026-05-27,2026-05-28,1er,"F. Hollande, G. Attal et J. Bardella",FABIEN ROUSSEL,3.50,2.60,4.40
10195,Ipsos,Le Parisien,1500,2026-05-27,2026-05-28,1er,"F. Hollande, G. Attal et J. Bardella",FRANCOIS HOLLANDE,8.00,6.60,9.40
10195,Ipsos,Le Parisien,1500,2026-05-27,2026-05-28,1er,"F. Hollande, G. Attal et J. Bardella",GABRIEL ATTAL,17.50,15.60,19.40
10195,Ipsos,Le Parisien,1500,2026-05-27,2026-05-28,1er,"F. Hollande, G. Attal et J. Bardella",JEAN-LUC MELENCHON,13.50,11.80,15.20
10195,Ipsos,Le Parisien,1500,2026-05-27,2026-05-28,1er,"F. Hollande, G. Attal et J. Bardella",JORDAN BARDELLA,36.00,33.60,38.40
10195,Ipsos,Le Parisien,1500,2026-05-27,2026-05-28,1er,"F. Hollande, G. Attal et J. Bardella",MARINE TONDELIER,5.00,3.90,6.10
10195,Ipsos,Le Parisien,1500,2026-05-27,2026-05-28,1er,"F. Hollande, G. Attal et J. Bardella",NATHALIE ARTHAUD,1.00,0.50,1.50
10195,Ipsos,Le Parisien,1500,2026-05-27,2026-05-28,1er,"F. Hollande, G. Attal et J. Bardella",NICOLAS DUPONT-AIGNAN,1.50,0.90,2.10
10195,Ipsos,Le Parisien,1500,2026-05-27,2026-05-28,1er,"F. Hollande, G. Attal, E. Philippe et M. Le Pen",BRUNO RETAILLEAU,8.50,7.10,9.90
10195,Ipsos,Le Parisien,1500,2026-05-27,2026-05-28,1er,"F. Hollande, G. Attal, E. Philippe et M. Le Pen",EDOUARD PHILIPPE,14.50,12.70,16.30
10195,Ipsos,Le Parisien,1500,2026-05-27,2026-05-28,1er,"F. Hollande, G. Attal, E. Philippe et M. Le Pen",ERIC ZEMMOUR,4.50,3.50,5.50
10195,Ipsos,Le Parisien,1500,2026-05-27,2026-05-28,1er,"F. Hollande, G. Attal, E. Philippe et M. Le Pen",FABIEN ROUSSEL,4.00,3.00,5.00
10195,Ipsos,Le Parisien,1500,2026-05-27,2026-05-28,1er,"F. Hollande, G. Attal, E. Philippe et M. Le Pen",FRANCOIS HOLLANDE,7.00,5.70,8.30
10195,Ipsos,Le Parisien,1500,2026-05-27,2026-05-28,1er,"F. Hollande, G. Attal, E. Philippe et M. Le Pen",GABRIEL ATTAL,9.50,8.00,11.00
10195,Ipsos,Le Parisien,1500,2026-05-27,2026-05-28,1er,"F. Hollande, G. Attal, E. Philippe et M. Le Pen",JEAN-LUC MELENCHON,13.50,11.80,15.20
10195,Ipsos,Le Parisien,1500,2026-05-27,2026-05-28,1er,"F. Hollande, G. Attal, E. Philippe et M. Le Pen",MARINE LE PEN,32.00,29.60,34.40
10195,Ipsos,Le Parisien,1500,2026-05-27,2026-05-28,1er,"F. Hollande, G. Attal, E. Philippe et M. Le Pen",MARINE TONDELIER,4.00,3.00,5.00
10195,Ipsos,Le Parisien,1500,2026-05-27,2026-05-28,1er,"F. Hollande, G. Attal, E. Philippe et M. Le Pen",NATHALIE ARTHAUD,1.00,0.50,1.50
10195,Ipsos,Le Parisien,1500,2026-05-27,2026-05-28,1er,"F. Hollande, G. Attal, E. Philippe et M. Le Pen",NICOLAS DUPONT-AIGNAN,1.50,0.90,2.10
10195,Ipsos,Le Parisien,1500,2026-05-27,2026-05-28,1er,"R. Glucksmann, G. Attal, E. Philippe et M. Le Pen",BRUNO RETAILLEAU,8.50,7.10,9.90
10195,Ipsos,Le Parisien,1500,2026-05-27,2026-05-28,1er,"R. Glucksmann, G. Attal, E. Philippe et M. Le Pen",EDOUARD PHILIPPE,14.00,12.20,15.80
10195,Ipsos,Le Parisien,1500,2026-05-27,2026-05-28,1er,"R. Glucksmann, G. Attal, E. Philippe et M. Le Pen",ERIC ZEMMOUR,4.50,3.50,5.50
10195,Ipsos,Le Parisien,1500,2026-05-27,2026-05-28,1er,"R. Glucksmann, G. Attal, E. Philippe et M. Le Pen",FABIEN ROUSSEL,3.00,2.10,3.90
10195,Ipsos,Le Parisien,1500,2026-05-27,2026-05-28,1er,"R. Glucksmann, G. Attal, E. Philippe et M. Le Pen",GABRIEL ATTAL,8.50,7.10,9.90
10195,Ipsos,Le Parisien,1500,2026-05-27,2026-05-28,1er,"R. Glucksmann, G. Attal, E. Philippe et M. Le Pen",JEAN-LUC MELENCHON,13.00,11.30,14.70
10195,Ipsos,Le Parisien,1500,2026-05-27,2026-05-28,1er,"R. Glucksmann, G. Attal, E. Philippe et M. Le Pen",MARINE LE PEN,31.00,28.70,33.30
10195,Ipsos,Le Parisien,1500,2026-05-27,2026-05-28,1er,"R. Glucksmann, G. Attal, E. Philippe et M. Le Pen",MARINE TONDELIER,4.00,3.00,5.00
10195,Ipsos,Le Parisien,1500,2026-05-27,2026-05-28,1er,"R. Glucksmann, G. Attal, E. Philippe et M. Le Pen",NATHALIE ARTHAUD,1.00,0.50,1.50
10195,Ipsos,Le Parisien,1500,2026-05-27,2026-05-28,1er,"R. Glucksmann, G. Attal, E. Philippe et M. Le Pen",NICOLAS DUPONT-AIGNAN,1.50,0.90,2.10
10195,Ipsos,Le Parisien,1500,2026-05-27,2026-05-28,1er,"R. Glucksmann, G. Attal, E. Philippe et M. Le Pen",RAPHAEL GLUCKSMANN,11.00,9.40,12.60
10195,Ipsos,Le Parisien,1500,2026-05-27,2026-05-28,1er,"R. Glucksmann, G. Attal, E. Philippe et J. Bardella",BRUNO RETAILLEAU,7.50,6.20,8.80
10195,Ipsos,Le Parisien,1500,2026-05-27,2026-05-28,1er,"R. Glucksmann, G. Attal, E. Philippe et J. Bardella",EDOUARD PHILIPPE,13.00,11.30,14.70
10195,Ipsos,Le Parisien,1500,2026-05-27,2026-05-28,1er,"R. Glucksmann, G. Attal, E. Philippe et J. Bardella",ERIC ZEMMOUR,4.00,3.00,5.00
10195,Ipsos,Le Parisien,1500,2026-05-27,2026-05-28,1er,"R. Glucksmann, G. Attal, E. Philippe et J. Bardella",FABIEN ROUSSEL,3.00,2.10,3.90
10195,Ipsos,Le Parisien,1500,2026-05-27,2026-05-28,1er,"R. Glucksmann, G. Attal, E. Philippe et J. Bardella",GABRIEL ATTAL,8.50,7.10,9.90
10195,Ipsos,Le Parisien,1500,2026-05-27,2026-05-28,1er,"R. Glucksmann, G. Attal, E. Philippe et J. Bardella",JEAN-LUC MELENCHON,13.00,11.30,14.70
10195,Ipsos,Le Parisien,1500,2026-05-27,2026-05-28,1er,"R. Glucksmann, G. Attal, E. Philippe et J. Bardella",JORDAN BARDELLA,33.50,31.10,35.90
10195,Ipsos,Le Parisien,1500,2026-05-27,2026-05-28,1er,"R. Glucksmann, G. Attal, E. Philippe et J. Bardella",MARINE TONDELIER,4.00,3.00,5.00
10195,Ipsos,Le Parisien,1500,2026-05-27,2026-05-28,1er,"R. Glucksmann, G. Attal, E. Philippe et J. Bardella",NATHALIE ARTHAUD,1.00,0.50,1.50
10195,Ipsos,Le Parisien,1500,2026-05-27,2026-05-28,1er,"R. Glucksmann, G. Attal, E. Philippe et J. Bardella",NICOLAS DUPONT-AIGNAN,1.50,0.90,2.10
10195,Ipsos,Le Parisien,1500,2026-05-27,2026-05-28,1er,"R. Glucksmann, G. Attal, E. Philippe et J. Bardella",RAPHAEL GLUCKSMANN,11.00,9.40,12.60
10195,Ipsos,Le Parisien,1500,2026-05-27,2026-05-28,1er,"F. Hollande, G. Attal, E. Philippe et J. Bardella",BRUNO RETAILLEAU,8.00,6.60,9.40
10195,Ipsos,Le Parisien,1500,2026-05-27,2026-05-28,1er,"F. Hollande, G. Attal, E. Philippe et J. Bardella",EDOUARD PHILIPPE,13.50,11.80,15.20
10195,Ipsos,Le Parisien,1500,2026-05-27,2026-05-28,1er,"F. Hollande, G. Attal, E. Philippe et J. Bardella",ERIC ZEMMOUR,4.00,3.00,5.00
10195,Ipsos,Le Parisien,1500,2026-05-27,2026-05-28,1er,"F. Hollande, G. Attal, E. Philippe et J. Bardella",FABIEN ROUSSEL,4.00,3.00,5.00
10195,Ipsos,Le Parisien,1500,2026-05-27,2026-05-28,1er,"F. Hollande, G. Attal, E. Philippe et J. Bardella",FRANCOIS HOLLANDE,7.00,5.70,8.30
10195,Ipsos,Le Parisien,1500,2026-05-27,2026-05-28,1er,"F. Hollande, G. Attal, E. Philippe et J. Bardella",GABRIEL ATTAL,9.50,8.00,11.00
10195,Ipsos,Le Parisien,1500,2026-05-27,2026-05-28,1er,"F. Hollande, G. Attal, E. Philippe et J. Bardella",JEAN-LUC MELENCHON,13.50,11.80,15.20
10195,Ipsos,Le Parisien,1500,2026-05-27,2026-05-28,1er,"F. Hollande, G. Attal, E. Philippe et J. Bardella",JORDAN BARDELLA,34.00,31.60,36.40
10195,Ipsos,Le Parisien,1500,2026-05-27,2026-05-28,1er,"F. Hollande, G. Attal, E. Philippe et J. Bardella",MARINE TONDELIER,4.00,3.00,5.00
10195,Ipsos,Le Parisien,1500,2026-05-27,2026-05-28,1er,"F. Hollande, G. Attal, E. Philippe et J. Bardella",NATHALIE ARTHAUD,1.00,0.50,1.50
10195,Ipsos,Le Parisien,1500,2026-05-27,2026-05-28,1er,"F. Hollande, G. Attal, E. Philippe et J. Bardella",NICOLAS DUPONT-AIGNAN,1.50,0.90,2.10
10195,Ipsos,Le Parisien,1500,2026-05-27,2026-05-28,1er,"R. Glucksmann, E. Philippe et J. Bardella",BRUNO RETAILLEAU,9.00,7.60,10.40
10195,Ipsos,Le Parisien,1500,2026-05-27,2026-05-28,1er,"R. Glucksmann, E. Philippe et J. Bardella",EDOUARD PHILIPPE,17.50,15.60,19.40
10195,Ipsos,Le Parisien,1500,2026-05-27,2026-05-28,1er,"R. Glucksmann, E. Philippe et J. Bardella",ERIC ZEMMOUR,4.00,3.00,5.00
10195,Ipsos,Le Parisien,1500,2026-05-27,2026-05-28,1er,"R. Glucksmann, E. Philippe et J. Bardella",FABIEN ROUSSEL,3.00,2.10,3.90
10195,Ipsos,Le Parisien,1500,2026-05-27,2026-05-28,1er,"R. Glucksmann, E. Philippe et J. Bardella",JEAN-LUC MELENCHON,13.00,11.30,14.70
10195,Ipsos,Le Parisien,1500,2026-05-27,2026-05-28,1er,"R. Glucksmann, E. Philippe et J. Bardella",JORDAN BARDELLA,34.00,31.60,36.40
10195,Ipsos,Le Parisien,1500,2026-05-27,2026-05-28,1er,"R. Glucksmann, E. Philippe et J. Bardella",MARINE TONDELIER,4.00,3.00,5.00
10195,Ipsos,Le Parisien,1500,2026-05-27,2026-05-28,1er,"R. Glucksmann, E. Philippe et J. Bardella",NATHALIE ARTHAUD,1.00,0.50,1.50
10195,Ipsos,Le Parisien,1500,2026-05-27,2026-05-28,1er,"R. Glucksmann, E. Philippe et J. Bardella",NICOLAS DUPONT-AIGNAN,1.50,0.90,2.10
10195,Ipsos,Le Parisien,1500,2026-05-27,2026-05-28,1er,"R. Glucksmann, E. Philippe et J. Bardella",RAPHAEL GLUCKSMANN,13.00,11.30,14.70
10195,Ipsos,Le Parisien,1500,2026-05-27,2026-05-28,1er,"F. Hollande, E. Philippe et J. Bardella",BRUNO RETAILLEAU,9.00,7.60,10.40
10195,Ipsos,Le Parisien,1500,2026-05-27,2026-05-28,1er,"F. Hollande, E. Philippe et J. Bardella",EDOUARD PHILIPPE,19.00,17.00,21.00
10195,Ipsos,Le Parisien,1500,2026-05-27,2026-05-28,1er,"F. Hollande, E. Philippe et J. Bardella",ERIC ZEMMOUR,4.00,3.00,5.00
10195,Ipsos,Le Parisien,1500,2026-05-27,2026-05-28,1er,"F. Hollande, E. Philippe et J. Bardella",FABIEN ROUSSEL,4.00,3.00,5.00
10195,Ipsos,Le Parisien,1500,2026-05-27,2026-05-28,1er,"F. Hollande, E. Philippe et J. Bardella",FRANCOIS HOLLANDE,7.50,6.20,8.80
10195,Ipsos,Le Parisien,1500,2026-05-27,2026-05-28,1er,"F. Hollande, E. Philippe et J. Bardella",JEAN-LUC MELENCHON,13.50,11.80,15.20
10195,Ipsos,Le Parisien,1500,2026-05-27,2026-05-28,1er,"F. Hollande, E. Philippe et J. Bardella",JORDAN BARDELLA,35.50,33.10,37.90
10195,Ipsos,Le Parisien,1500,2026-05-27,2026-05-28,1er,"F. Hollande, E. Philippe et J. Bardella",MARINE TONDELIER,5.00,3.90,6.10
10195,Ipsos,Le Parisien,1500,2026-05-27,2026-05-28,1er,"F. Hollande, E. Philippe et J. Bardella",NATHALIE ARTHAUD,1.00,0.50,1.50
10195,Ipsos,Le Parisien,1500,2026-05-27,2026-05-28,1er,"F. Hollande, E. Philippe et J. Bardella",NICOLAS DUPONT-AIGNAN,1.50,0.90,2.10
10193,Ifop,"LCI, Le Figaro et Sud Radio",1368,2026-05-26,2026-05-28,1er,"hypothèse R. Glucksmann, gauche hors LFI unie",BRUNO RETAILLEAU,10.00,8.40,11.60
10193,Ifop,"LCI, Le Figaro et Sud Radio",1368,2026-05-26,2026-05-28,1er,"hypothèse R. Glucksmann, gauche hors LFI unie",EDOUARD PHILIPPE,22.00,19.80,24.20
10193,Ifop,"LCI, Le Figaro et Sud Radio",1368,2026-05-26,2026-05-28,1er,"hypothèse R. Glucksmann, gauche hors LFI unie",ERIC ZEMMOUR,4.00,3.00,5.00
10193,Ifop,"LCI, Le Figaro et Sud Radio",1368,2026-05-26,2026-05-28,1er,"hypothèse R. Glucksmann, gauche hors LFI unie",JEAN-LUC MELENCHON,15.00,13.10,16.90
10193,Ifop,"LCI, Le Figaro et Sud Radio",1368,2026-05-26,2026-05-28,1er,"hypothèse R. Glucksmann, gauche hors LFI unie",JORDAN BARDELLA,33.00,30.50,35.50
10193,Ifop,"LCI, Le Figaro et Sud Radio",1368,2026-05-26,2026-05-28,1er,"hypothèse R. Glucksmann, gauche hors LFI unie",NATHALIE ARTHAUD,1.00,0.50,1.50
10193,Ifop,"LCI, Le Figaro et Sud Radio",1368,2026-05-26,2026-05-28,1er,"hypothèse R. Glucksmann, gauche hors LFI unie",NICOLAS DUPONT-AIGNAN,3.00,2.10,3.90
10193,Ifop,"LCI, Le Figaro et Sud Radio",1368,2026-05-26,2026-05-28,1er,"hypothèse R. Glucksmann, gauche hors LFI unie",RAPHAEL GLUCKSMANN,12.00,10.30,13.70
10193,Ifop,"LCI, Le Figaro et Sud Radio",1368,2026-05-26,2026-05-28,1er,hypothèse M. Le Pen versus G. Attal,BRUNO RETAILLEAU,11.50,9.80,13.20
10193,Ifop,"LCI, Le Figaro et Sud Radio",1368,2026-05-26,2026-05-28,1er,hypothèse M. Le Pen versus G. Attal,DOMINIQUE DE VILLEPIN,3.00,2.10,3.90
10193,Ifop,"LCI, Le Figaro et Sud Radio",1368,2026-05-26,2026-05-28,1er,hypothèse M. Le Pen versus G. Attal,ERIC ZEMMOUR,4.00,3.00,5.00
10193,Ifop,"LCI, Le Figaro et Sud Radio",1368,2026-05-26,2026-05-28,1er,hypothèse M. Le Pen versus G. Attal,FABIEN ROUSSEL,3.00,2.10,3.90
10193,Ifop,"LCI, Le Figaro et Sud Radio",1368,2026-05-26,2026-05-28,1er,hypothèse M. Le Pen versus G. Attal,GABRIEL ATTAL,16.00,14.10,17.90
10193,Ifop,"LCI, Le Figaro et Sud Radio",1368,2026-05-26,2026-05-28,1er,hypothèse M. Le Pen versus G. Attal,JEAN-LUC MELENCHON,13.00,11.20,14.80
10193,Ifop,"LCI, Le Figaro et Sud Radio",1368,2026-05-26,2026-05-28,1er,hypothèse M. Le Pen versus G. Attal,MARINE LE PEN,32.00,29.50,34.50
10193,Ifop,"LCI, Le Figaro et Sud Radio",1368,2026-05-26,2026-05-28,1er,hypothèse M. Le Pen versus G. Attal,MARINE TONDELIER,3.50,2.50,4.50
10193,Ifop,"LCI, Le Figaro et Sud Radio",1368,2026-05-26,2026-05-28,1er,hypothèse M. Le Pen versus G. Attal,NATHALIE ARTHAUD,0.50,0.10,0.90
10193,Ifop,"LCI, Le Figaro et Sud Radio",1368,2026-05-26,2026-05-28,1er,hypothèse M. Le Pen versus G. Attal,NICOLAS DUPONT-AIGNAN,2.00,1.30,2.70
10193,Ifop,"LCI, Le Figaro et Sud Radio",1368,2026-05-26,2026-05-28,1er,hypothèse M. Le Pen versus G. Attal,RAPHAEL GLUCKSMANN,11.50,9.80,13.20
10193,Ifop,"LCI, Le Figaro et Sud Radio",1368,2026-05-26,2026-05-28,1er,"hypothèse F. Hollande, gauche hors LFI unie",BRUNO RETAILLEAU,10.00,8.40,11.60
10193,Ifop,"LCI, Le Figaro et Sud Radio",1368,2026-05-26,2026-05-28,1er,"hypothèse F. Hollande, gauche hors LFI unie",EDOUARD PHILIPPE,22.00,19.80,24.20
10193,Ifop,"LCI, Le Figaro et Sud Radio",1368,2026-05-26,2026-05-28,1er,"hypothèse F. Hollande, gauche hors LFI unie",ERIC ZEMMOUR,4.00,3.00,5.00
10193,Ifop,"LCI, Le Figaro et Sud Radio",1368,2026-05-26,2026-05-28,1er,"hypothèse F. Hollande, gauche hors LFI unie",FRANCOIS HOLLANDE,11.00,9.30,12.70
10193,Ifop,"LCI, Le Figaro et Sud Radio",1368,2026-05-26,2026-05-28,1er,"hypothèse F. Hollande, gauche hors LFI unie",JEAN-LUC MELENCHON,15.00,13.10,16.90
10193,Ifop,"LCI, Le Figaro et Sud Radio",1368,2026-05-26,2026-05-28,1er,"hypothèse F. Hollande, gauche hors LFI unie",JORDAN BARDELLA,34.00,31.50,36.50
10193,Ifop,"LCI, Le Figaro et Sud Radio",1368,2026-05-26,2026-05-28,1er,"hypothèse F. Hollande, gauche hors LFI unie",NATHALIE ARTHAUD,1.50,0.90,2.10
10193,Ifop,"LCI, Le Figaro et Sud Radio",1368,2026-05-26,2026-05-28,1er,"hypothèse F. Hollande, gauche hors LFI unie",NICOLAS DUPONT-AIGNAN,2.50,1.70,3.30
10193,Ifop,"LCI, Le Figaro et Sud Radio",1368,2026-05-26,2026-05-28,1er,hypothèse Bloc central E. Philippe seul,BRUNO RETAILLEAU,9.00,7.50,10.50
10193,Ifop,"LCI, Le Figaro et Sud Radio",1368,2026-05-26,2026-05-28,1er,hypothèse Bloc central E. Philippe seul,DOMINIQUE DE VILLEPIN,2.50,1.70,3.30
10193,Ifop,"LCI, Le Figaro et Sud Radio",1368,2026-05-26,2026-05-28,1er,hypothèse Bloc central E. Philippe seul,EDOUARD PHILIPPE,18.00,16.00,20.00
10193,Ifop,"LCI, Le Figaro et Sud Radio",1368,2026-05-26,2026-05-28,1er,hypothèse Bloc central E. Philippe seul,ERIC ZEMMOUR,3.50,2.50,4.50
10193,Ifop,"LCI, Le Figaro et Sud Radio",1368,2026-05-26,2026-05-28,1er,hypothèse Bloc central E. Philippe seul,FABIEN ROUSSEL,3.50,2.50,4.50
10193,Ifop,"LCI, Le Figaro et Sud Radio",1368,2026-05-26,2026-05-28,1er,hypothèse Bloc central E. Philippe seul,JEAN-LUC MELENCHON,13.00,11.20,14.80
10193,Ifop,"LCI, Le Figaro et Sud Radio",1368,2026-05-26,2026-05-28,1er,hypothèse Bloc central E. Philippe seul,JORDAN BARDELLA,34.00,31.50,36.50
10193,Ifop,"LCI, Le Figaro et Sud Radio",1368,2026-05-26,2026-05-28,1er,hypothèse Bloc central E. Philippe seul,MARINE TONDELIER,4.00,3.00,5.00
10193,Ifop,"LCI, Le Figaro et Sud Radio",1368,2026-05-26,2026-05-28,1er,hypothèse Bloc central E. Philippe seul,NATHALIE ARTHAUD,0.50,0.10,0.90
10193,Ifop,"LCI, Le Figaro et Sud Radio",1368,2026-05-26,2026-05-28,1er,hypothèse Bloc central E. Philippe seul,NICOLAS DUPONT-AIGNAN,2.00,1.30,2.70
10193,Ifop,"LCI, Le Figaro et Sud Radio",1368,2026-05-26,2026-05-28,1er,hypothèse Bloc central E. Philippe seul,RAPHAEL GLUCKSMANN,10.00,8.40,11.60
10193,Ifop,"LCI, Le Figaro et Sud Radio",1368,2026-05-26,2026-05-28,1er,hypothèse M. Le Pen versus E. Philippe,BRUNO RETAILLEAU,9.00,7.50,10.50
10193,Ifop,"LCI, Le Figaro et Sud Radio",1368,2026-05-26,2026-05-28,1er,hypothèse M. Le Pen versus E. Philippe,DOMINIQUE DE VILLEPIN,2.00,1.30,2.70
10193,Ifop,"LCI, Le Figaro et Sud Radio",1368,2026-05-26,2026-05-28,1er,hypothèse M. Le Pen versus E. Philippe,EDOUARD PHILIPPE,19.00,16.90,21.10
10193,Ifop,"LCI, Le Figaro et Sud Radio",1368,2026-05-26,2026-05-28,1er,hypothèse M. Le Pen versus E. Philippe,ERIC ZEMMOUR,4.00,3.00,5.00
10193,Ifop,"LCI, Le Figaro et Sud Radio",1368,2026-05-26,2026-05-28,1er,hypothèse M. Le Pen versus E. Philippe,FABIEN ROUSSEL,3.00,2.10,3.90
10193,Ifop,"LCI, Le Figaro et Sud Radio",1368,2026-05-26,2026-05-28,1er,hypothèse M. Le Pen versus E. Philippe,JEAN-LUC MELENCHON,13.00,11.20,14.80
10193,Ifop,"LCI, Le Figaro et Sud Radio",1368,2026-05-26,2026-05-28,1er,hypothèse M. Le Pen versus E. Philippe,MARINE LE PEN,33.00,30.50,35.50
10193,Ifop,"LCI, Le Figaro et Sud Radio",1368,2026-05-26,2026-05-28,1er,hypothèse M. Le Pen versus E. Philippe,MARINE TONDELIER,4.00,3.00,5.00
10193,Ifop,"LCI, Le Figaro et Sud Radio",1368,2026-05-26,2026-05-28,1er,hypothèse M. Le Pen versus E. Philippe,NATHALIE ARTHAUD,0.50,0.10,0.90
10193,Ifop,"LCI, Le Figaro et Sud Radio",1368,2026-05-26,2026-05-28,1er,hypothèse M. Le Pen versus E. Philippe,NICOLAS DUPONT-AIGNAN,1.50,0.90,2.10
10193,Ifop,"LCI, Le Figaro et Sud Radio",1368,2026-05-26,2026-05-28,1er,hypothèse M. Le Pen versus E. Philippe,RAPHAEL GLUCKSMANN,11.00,9.30,12.70
10193,Ifop,"LCI, Le Figaro et Sud Radio",1368,2026-05-26,2026-05-28,1er,hypothèse Bloc central G. Attal seul,BRUNO RETAILLEAU,10.00,8.40,11.60
10193,Ifop,"LCI, Le Figaro et Sud Radio",1368,2026-05-26,2026-05-28,1er,hypothèse Bloc central G. Attal seul,DOMINIQUE DE VILLEPIN,3.00,2.10,3.90
10193,Ifop,"LCI, Le Figaro et Sud Radio",1368,2026-05-26,2026-05-28,1er,hypothèse Bloc central G. Attal seul,ERIC ZEMMOUR,3.00,2.10,3.90
10193,Ifop,"LCI, Le Figaro et Sud Radio",1368,2026-05-26,2026-05-28,1er,hypothèse Bloc central G. Attal seul,FABIEN ROUSSEL,3.00,2.10,3.90
10193,Ifop,"LCI, Le Figaro et Sud Radio",1368,2026-05-26,2026-05-28,1er,hypothèse Bloc central G. Attal seul,GABRIEL ATTAL,16.00,14.10,17.90
10193,Ifop,"LCI, Le Figaro et Sud Radio",1368,2026-05-26,2026-05-28,1er,hypothèse Bloc central G. Attal seul,JEAN-LUC MELENCHON,13.00,11.20,14.80
10193,Ifop,"LCI, Le Figaro et Sud Radio",1368,2026-05-26,2026-05-28,1er,hypothèse Bloc central G. Attal seul,JORDAN BARDELLA,34.00,31.50,36.50
10193,Ifop,"LCI, Le Figaro et Sud Radio",1368,2026-05-26,2026-05-28,1er,hypothèse Bloc central G. Attal seul,MARINE TONDELIER,4.00,3.00,5.00
10193,Ifop,"LCI, Le Figaro et Sud Radio",1368,2026-05-26,2026-05-28,1er,hypothèse Bloc central G. Attal seul,NATHALIE ARTHAUD,0.50,0.10,0.90
10193,Ifop,"LCI, Le Figaro et Sud Radio",1368,2026-05-26,2026-05-28,1er,hypothèse Bloc central G. Attal seul,NICOLAS DUPONT-AIGNAN,2.50,1.70,3.30
10193,Ifop,"LCI, Le Figaro et Sud Radio",1368,2026-05-26,2026-05-28,1er,hypothèse Bloc central G. Attal seul,RAPHAEL GLUCKSMANN,11.00,9.30,12.70
10193,Ifop,"LCI, Le Figaro et Sud Radio",1368,2026-05-26,2026-05-28,1er,"hypothèse F. Hollande, gauche hors LFI désunie",BRUNO RETAILLEAU,9.00,7.50,10.50
10193,Ifop,"LCI, Le Figaro et Sud Radio",1368,2026-05-26,2026-05-28,1er,"hypothèse F. Hollande, gauche hors LFI désunie",EDOUARD PHILIPPE,20.00,17.90,22.10
10193,Ifop,"LCI, Le Figaro et Sud Radio",1368,2026-05-26,2026-05-28,1er,"hypothèse F. Hollande, gauche hors LFI désunie",ERIC ZEMMOUR,4.00,3.00,5.00
10193,Ifop,"LCI, Le Figaro et Sud Radio",1368,2026-05-26,2026-05-28,1er,"hypothèse F. Hollande, gauche hors LFI désunie",FABIEN ROUSSEL,4.00,3.00,5.00
10193,Ifop,"LCI, Le Figaro et Sud Radio",1368,2026-05-26,2026-05-28,1er,"hypothèse F. Hollande, gauche hors LFI désunie",FRANCOIS HOLLANDE,8.00,6.60,9.40
10193,Ifop,"LCI, Le Figaro et Sud Radio",1368,2026-05-26,2026-05-28,1er,"hypothèse F. Hollande, gauche hors LFI désunie",JEAN-LUC MELENCHON,14.00,12.20,15.80
10193,Ifop,"LCI, Le Figaro et Sud Radio",1368,2026-05-26,2026-05-28,1er,"hypothèse F. Hollande, gauche hors LFI désunie",JORDAN BARDELLA,34.00,31.50,36.50
10193,Ifop,"LCI, Le Figaro et Sud Radio",1368,2026-05-26,2026-05-28,1er,"hypothèse F. Hollande, gauche hors LFI désunie",MARINE TONDELIER,5.00,3.80,6.20
10193,Ifop,"LCI, Le Figaro et Sud Radio",1368,2026-05-26,2026-05-28,1er,"hypothèse F. Hollande, gauche hors LFI désunie",NATHALIE ARTHAUD,0.50,0.10,0.90
10193,Ifop,"LCI, Le Figaro et Sud Radio",1368,2026-05-26,2026-05-28,1er,"hypothèse F. Hollande, gauche hors LFI désunie",NICOLAS DUPONT-AIGNAN,1.50,0.90,2.10
10193,Ifop,"LCI, Le Figaro et Sud Radio",1368,2026-05-26,2026-05-28,1er,"hypothèse O. Faure, gauche hors LFI désunie",BRUNO RETAILLEAU,10.00,8.40,11.60
10193,Ifop,"LCI, Le Figaro et Sud Radio",1368,2026-05-26,2026-05-28,1er,"hypothèse O. Faure, gauche hors LFI désunie",EDOUARD PHILIPPE,21.00,18.80,23.20
10193,Ifop,"LCI, Le Figaro et Sud Radio",1368,2026-05-26,2026-05-28,1er,"hypothèse O. Faure, gauche hors LFI désunie",ERIC ZEMMOUR,3.50,2.50,4.50
10193,Ifop,"LCI, Le Figaro et Sud Radio",1368,2026-05-26,2026-05-28,1er,"hypothèse O. Faure, gauche hors LFI désunie",FABIEN ROUSSEL,6.00,4.70,7.30
10193,Ifop,"LCI, Le Figaro et Sud Radio",1368,2026-05-26,2026-05-28,1er,"hypothèse O. Faure, gauche hors LFI désunie",JEAN-LUC MELENCHON,13.50,11.70,15.30
10193,Ifop,"LCI, Le Figaro et Sud Radio",1368,2026-05-26,2026-05-28,1er,"hypothèse O. Faure, gauche hors LFI désunie",JORDAN BARDELLA,35.00,32.50,37.50
10193,Ifop,"LCI, Le Figaro et Sud Radio",1368,2026-05-26,2026-05-28,1er,"hypothèse O. Faure, gauche hors LFI désunie",MARINE TONDELIER,4.00,3.00,5.00
10193,Ifop,"LCI, Le Figaro et Sud Radio",1368,2026-05-26,2026-05-28,1er,"hypothèse O. Faure, gauche hors LFI désunie",NATHALIE ARTHAUD,0.50,0.10,0.90
10193,Ifop,"LCI, Le Figaro et Sud Radio",1368,2026-05-26,2026-05-28,1er,"hypothèse O. Faure, gauche hors LFI désunie",NICOLAS DUPONT-AIGNAN,2.50,1.70,3.30
10193,Ifop,"LCI, Le Figaro et Sud Radio",1368,2026-05-26,2026-05-28,1er,"hypothèse O. Faure, gauche hors LFI désunie",OLIVIER FAURE,4.00,3.00,5.00
10193,Ifop,"LCI, Le Figaro et Sud Radio",1368,2026-05-26,2026-05-28,1er,"hypothèse F. Hollande, gauche hors LFI désunie, G. Attal candidat du bloc central",BRUNO RETAILLEAU,10.00,8.40,11.60
10193,Ifop,"LCI, Le Figaro et Sud Radio",1368,2026-05-26,2026-05-28,1er,"hypothèse F. Hollande, gauche hors LFI désunie, G. Attal candidat du bloc central",ERIC ZEMMOUR,3.50,2.50,4.50
10193,Ifop,"LCI, Le Figaro et Sud Radio",1368,2026-05-26,2026-05-28,1er,"hypothèse F. Hollande, gauche hors LFI désunie, G. Attal candidat du bloc central",FABIEN ROUSSEL,3.50,2.50,4.50
10193,Ifop,"LCI, Le Figaro et Sud Radio",1368,2026-05-26,2026-05-28,1er,"hypothèse F. Hollande, gauche hors LFI désunie, G. Attal candidat du bloc central",FRANCOIS HOLLANDE,8.00,6.60,9.40
10193,Ifop,"LCI, Le Figaro et Sud Radio",1368,2026-05-26,2026-05-28,1er,"hypothèse F. Hollande, gauche hors LFI désunie, G. Attal candidat du bloc central",GABRIEL ATTAL,18.50,16.40,20.60
10193,Ifop,"LCI, Le Figaro et Sud Radio",1368,2026-05-26,2026-05-28,1er,"hypothèse F. Hollande, gauche hors LFI désunie, G. Attal candidat du bloc central",JEAN-LUC MELENCHON,13.50,11.70,15.30
10193,Ifop,"LCI, Le Figaro et Sud Radio",1368,2026-05-26,2026-05-28,1er,"hypothèse F. Hollande, gauche hors LFI désunie, G. Attal candidat du bloc central",JORDAN BARDELLA,35.00,32.50,37.50
10193,Ifop,"LCI, Le Figaro et Sud Radio",1368,2026-05-26,2026-05-28,1er,"hypothèse F. Hollande, gauche hors LFI désunie, G. Attal candidat du bloc central",MARINE TONDELIER,5.00,3.80,6.20
10193,Ifop,"LCI, Le Figaro et Sud Radio",1368,2026-05-26,2026-05-28,1er,"hypothèse F. Hollande, gauche hors LFI désunie, G. Attal candidat du bloc central",NATHALIE ARTHAUD,1.00,0.50,1.50
10193,Ifop,"LCI, Le Figaro et Sud Radio",1368,2026-05-26,2026-05-28,1er,"hypothèse F. Hollande, gauche hors LFI désunie, G. Attal candidat du bloc central",NICOLAS DUPONT-AIGNAN,2.00,1.30,2.70
10193,Ifop,"LCI, Le Figaro et Sud Radio",1368,2026-05-26,2026-05-28,1er,"hypothèse F. Ruffin, gauche hors LFI désunie",BRUNO RETAILLEAU,9.00,7.50,10.50
10193,Ifop,"LCI, Le Figaro et Sud Radio",1368,2026-05-26,2026-05-28,1er,"hypothèse F. Ruffin, gauche hors LFI désunie",EDOUARD PHILIPPE,20.00,17.90,22.10
10193,Ifop,"LCI, Le Figaro et Sud Radio",1368,2026-05-26,2026-05-28,1er,"hypothèse F. Ruffin, gauche hors LFI désunie",ERIC ZEMMOUR,3.00,2.10,3.90
10193,Ifop,"LCI, Le Figaro et Sud Radio",1368,2026-05-26,2026-05-28,1er,"hypothèse F. Ruffin, gauche hors LFI désunie",FABIEN ROUSSEL,3.00,2.10,3.90
10193,Ifop,"LCI, Le Figaro et Sud Radio",1368,2026-05-26,2026-05-28,1er,"hypothèse F. Ruffin, gauche hors LFI désunie",FRANCOIS RUFFIN,3.00,2.10,3.90
10193,Ifop,"LCI, Le Figaro et Sud Radio",1368,2026-05-26,2026-05-28,1er,"hypothèse F. Ruffin, gauche hors LFI désunie",JEAN-LUC MELENCHON,12.50,10.70,14.30
10193,Ifop,"LCI, Le Figaro et Sud Radio",1368,2026-05-26,2026-05-28,1er,"hypothèse F. Ruffin, gauche hors LFI désunie",JORDAN BARDELLA,34.00,31.50,36.50
10193,Ifop,"LCI, Le Figaro et Sud Radio",1368,2026-05-26,2026-05-28,1er,"hypothèse F. Ruffin, gauche hors LFI désunie",MARINE TONDELIER,4.00,3.00,5.00
10193,Ifop,"LCI, Le Figaro et Sud Radio",1368,2026-05-26,2026-05-28,1er,"hypothèse F. Ruffin, gauche hors LFI désunie",NATHALIE ARTHAUD,0.50,0.10,0.90
10193,Ifop,"LCI, Le Figaro et Sud Radio",1368,2026-05-26,2026-05-28,1er,"hypothèse F. Ruffin, gauche hors LFI désunie",NICOLAS DUPONT-AIGNAN,2.00,1.30,2.70
10193,Ifop,"LCI, Le Figaro et Sud Radio",1368,2026-05-26,2026-05-28,1er,"hypothèse F. Ruffin, gauche hors LFI désunie",RAPHAEL GLUCKSMANN,9.00,7.50,10.50
10193,Ifop,"LCI, Le Figaro et Sud Radio",1368,2026-05-26,2026-05-28,1er,hypothèse E. Phillipe et J. Bardella,BRUNO RETAILLEAU,8.00,6.60,9.40
10193,Ifop,"LCI, Le Figaro et Sud Radio",1368,2026-05-26,2026-05-28,1er,hypothèse E. Phillipe et J. Bardella,EDOUARD PHILIPPE,14.00,12.20,15.80
10193,Ifop,"LCI, Le Figaro et Sud Radio",1368,2026-05-26,2026-05-28,1er,hypothèse E. Phillipe et J. Bardella,ERIC ZEMMOUR,4.00,3.00,5.00
10193,Ifop,"LCI, Le Figaro et Sud Radio",1368,2026-05-26,2026-05-28,1er,hypothèse E. Phillipe et J. Bardella,FABIEN ROUSSEL,2.50,1.70,3.30
10193,Ifop,"LCI, Le Figaro et Sud Radio",1368,2026-05-26,2026-05-28,1er,hypothèse E. Phillipe et J. Bardella,GABRIEL ATTAL,9.00,7.50,10.50
10193,Ifop,"LCI, Le Figaro et Sud Radio",1368,2026-05-26,2026-05-28,1er,hypothèse E. Phillipe et J. Bardella,JEAN-LUC MELENCHON,13.00,11.20,14.80
10193,Ifop,"LCI, Le Figaro et Sud Radio",1368,2026-05-26,2026-05-28,1er,hypothèse E. Phillipe et J. Bardella,JORDAN BARDELLA,34.00,31.50,36.50
10193,Ifop,"LCI, Le Figaro et Sud Radio",1368,2026-05-26,2026-05-28,1er,hypothèse E. Phillipe et J. Bardella,MARINE TONDELIER,4.00,3.00,5.00
10193,Ifop,"LCI, Le Figaro et Sud Radio",1368,2026-05-26,2026-05-28,1er,hypothèse E. Phillipe et J. Bardella,NATHALIE ARTHAUD,0.50,0.10,0.90
10193,Ifop,"LCI, Le Figaro et Sud Radio",1368,2026-05-26,2026-05-28,1er,hypothèse E. Phillipe et J. Bardella,NICOLAS DUPONT-AIGNAN,2.00,1.30,2.70
10193,Ifop,"LCI, Le Figaro et Sud Radio",1368,2026-05-26,2026-05-28,1er,hypothèse E. Phillipe et J. Bardella,RAPHAEL GLUCKSMANN,9.00,7.50,10.50
10192,Toluna,M6 & RTL,1744,2026-05-25,2026-05-27,1er,"Gabriel Attal, Édouard Philippe et Jordan Bardella",BRUNO RETAILLEAU,8.00,6.70,9.30
10192,Toluna,M6 & RTL,1744,2026-05-25,2026-05-27,1er,"Gabriel Attal, Édouard Philippe et Jordan Bardella",EDOUARD PHILIPPE,13.00,11.40,14.60
10192,Toluna,M6 & RTL,1744,2026-05-25,2026-05-27,1er,"Gabriel Attal, Édouard Philippe et Jordan Bardella",ERIC ZEMMOUR,5.00,4.00,6.00
10192,Toluna,M6 & RTL,1744,2026-05-25,2026-05-27,1er,"Gabriel Attal, Édouard Philippe et Jordan Bardella",FABIEN ROUSSEL,3.00,2.20,3.80
10192,Toluna,M6 & RTL,1744,2026-05-25,2026-05-27,1er,"Gabriel Attal, Édouard Philippe et Jordan Bardella",GABRIEL ATTAL,9.00,7.70,10.30
10192,Toluna,M6 & RTL,1744,2026-05-25,2026-05-27,1er,"Gabriel Attal, Édouard Philippe et Jordan Bardella",JEAN-LUC MELENCHON,14.00,12.40,15.60
10192,Toluna,M6 & RTL,1744,2026-05-25,2026-05-27,1er,"Gabriel Attal, Édouard Philippe et Jordan Bardella",JORDAN BARDELLA,32.00,29.80,34.20
10192,Toluna,M6 & RTL,1744,2026-05-25,2026-05-27,1er,"Gabriel Attal, Édouard Philippe et Jordan Bardella",MARINE TONDELIER,3.00,2.20,3.80
10192,Toluna,M6 & RTL,1744,2026-05-25,2026-05-27,1er,"Gabriel Attal, Édouard Philippe et Jordan Bardella",NATHALIE ARTHAUD,1.00,0.50,1.50
10192,Toluna,M6 & RTL,1744,2026-05-25,2026-05-27,1er,"Gabriel Attal, Édouard Philippe et Jordan Bardella",NICOLAS DUPONT-AIGNAN,2.00,1.30,2.70
10192,Toluna,M6 & RTL,1744,2026-05-25,2026-05-27,1er,"Gabriel Attal, Édouard Philippe et Jordan Bardella",RAPHAEL GLUCKSMANN,10.00,8.60,11.40
10192,Toluna,M6 & RTL,1744,2026-05-25,2026-05-27,1er,Édouard Philippe et Jordan Bardella,BRUNO RETAILLEAU,9.00,7.70,10.30
10192,Toluna,M6 & RTL,1744,2026-05-25,2026-05-27,1er,Édouard Philippe et Jordan Bardella,EDOUARD PHILIPPE,17.00,15.20,18.80
10192,Toluna,M6 & RTL,1744,2026-05-25,2026-05-27,1er,Édouard Philippe et Jordan Bardella,ERIC ZEMMOUR,6.00,4.90,7.10
10192,Toluna,M6 & RTL,1744,2026-05-25,2026-05-27,1er,Édouard Philippe et Jordan Bardella,FABIEN ROUSSEL,3.00,2.20,3.80
10192,Toluna,M6 & RTL,1744,2026-05-25,2026-05-27,1er,Édouard Philippe et Jordan Bardella,JEAN-LUC MELENCHON,15.00,13.30,16.70
10192,Toluna,M6 & RTL,1744,2026-05-25,2026-05-27,1er,Édouard Philippe et Jordan Bardella,JORDAN BARDELLA,34.00,31.80,36.20
10192,Toluna,M6 & RTL,1744,2026-05-25,2026-05-27,1er,Édouard Philippe et Jordan Bardella,MARINE TONDELIER,3.00,2.20,3.80
10192,Toluna,M6 & RTL,1744,2026-05-25,2026-05-27,1er,Édouard Philippe et Jordan Bardella,NATHALIE ARTHAUD,1.00,0.50,1.50
10192,Toluna,M6 & RTL,1744,2026-05-25,2026-05-27,1er,Édouard Philippe et Jordan Bardella,NICOLAS DUPONT-AIGNAN,2.00,1.30,2.70
10192,Toluna,M6 & RTL,1744,2026-05-25,2026-05-27,1er,Édouard Philippe et Jordan Bardella,RAPHAEL GLUCKSMANN,10.00,8.60,11.40
10192,Toluna,M6 & RTL,1744,2026-05-25,2026-05-27,1er,Édouard Philippe et Marine Le Pen,BRUNO RETAILLEAU,10.00,8.60,11.40
10192,Toluna,M6 & RTL,1744,2026-05-25,2026-05-27,1er,Édouard Philippe et Marine Le Pen,EDOUARD PHILIPPE,19.00,17.20,20.80
10192,Toluna,M6 & RTL,1744,2026-05-25,2026-05-27,1er,Édouard Philippe et Marine Le Pen,ERIC ZEMMOUR,6.00,4.90,7.10
10192,Toluna,M6 & RTL,1744,2026-05-25,2026-05-27,1er,Édouard Philippe et Marine Le Pen,FABIEN ROUSSEL,3.00,2.20,3.80
10192,Toluna,M6 & RTL,1744,2026-05-25,2026-05-27,1er,Édouard Philippe et Marine Le Pen,JEAN-LUC MELENCHON,14.00,12.40,15.60
10192,Toluna,M6 & RTL,1744,2026-05-25,2026-05-27,1er,Édouard Philippe et Marine Le Pen,MARINE LE PEN,31.00,28.80,33.20
10192,Toluna,M6 & RTL,1744,2026-05-25,2026-05-27,1er,Édouard Philippe et Marine Le Pen,MARINE TONDELIER,3.00,2.20,3.80
10192,Toluna,M6 & RTL,1744,2026-05-25,2026-05-27,1er,Édouard Philippe et Marine Le Pen,NATHALIE ARTHAUD,1.00,0.50,1.50
10192,Toluna,M6 & RTL,1744,2026-05-25,2026-05-27,1er,Édouard Philippe et Marine Le Pen,NICOLAS DUPONT-AIGNAN,2.00,1.30,2.70
10192,Toluna,M6 & RTL,1744,2026-05-25,2026-05-27,1er,Édouard Philippe et Marine Le Pen,RAPHAEL GLUCKSMANN,11.00,9.50,12.50
10192,Toluna,M6 & RTL,1744,2026-05-25,2026-05-27,1er,Gabriel Attal et Jordan Bardella,BRUNO RETAILLEAU,10.00,8.60,11.40
10192,Toluna,M6 & RTL,1744,2026-05-25,2026-05-27,1er,Gabriel Attal et Jordan Bardella,ERIC ZEMMOUR,6.00,4.90,7.10
10192,Toluna,M6 & RTL,1744,2026-05-25,2026-05-27,1er,Gabriel Attal et Jordan Bardella,FABIEN ROUSSEL,4.00,3.10,4.90
10192,Toluna,M6 & RTL,1744,2026-05-25,2026-05-27,1er,Gabriel Attal et Jordan Bardella,GABRIEL ATTAL,14.00,12.40,15.60
10192,Toluna,M6 & RTL,1744,2026-05-25,2026-05-27,1er,Gabriel Attal et Jordan Bardella,JEAN-LUC MELENCHON,15.00,13.30,16.70
10192,Toluna,M6 & RTL,1744,2026-05-25,2026-05-27,1er,Gabriel Attal et Jordan Bardella,JORDAN BARDELLA,34.00,31.80,36.20
10192,Toluna,M6 & RTL,1744,2026-05-25,2026-05-27,1er,Gabriel Attal et Jordan Bardella,MARINE TONDELIER,3.00,2.20,3.80
10192,Toluna,M6 & RTL,1744,2026-05-25,2026-05-27,1er,Gabriel Attal et Jordan Bardella,NATHALIE ARTHAUD,1.00,0.50,1.50
10192,Toluna,M6 & RTL,1744,2026-05-25,2026-05-27,1er,Gabriel Attal et Jordan Bardella,NICOLAS DUPONT-AIGNAN,2.00,1.30,2.70
10192,Toluna,M6 & RTL,1744,2026-05-25,2026-05-27,1er,Gabriel Attal et Jordan Bardella,RAPHAEL GLUCKSMANN,11.00,9.50,12.50
10192,Toluna,M6 & RTL,1744,2026-05-25,2026-05-27,1er,Gabriel Attal et Marine Le Pen,BRUNO RETAILLEAU,11.00,9.50,12.50
10192,Toluna,M6 & RTL,1744,2026-05-25,2026-05-27,1er,Gabriel Attal et Marine Le Pen,ERIC ZEMMOUR,6.00,4.90,7.10
10192,Toluna,M6 & RTL,1744,2026-05-25,2026-05-27,1er,Gabriel Attal et Marine Le Pen,FABIEN ROUSSEL,4.00,3.10,4.90
10192,Toluna,M6 & RTL,1744,2026-05-25,2026-05-27,1er,Gabriel Attal et Marine Le Pen,GABRIEL ATTAL,15.00,13.30,16.70
10192,Toluna,M6 & RTL,1744,2026-05-25,2026-05-27,1er,Gabriel Attal et Marine Le Pen,JEAN-LUC MELENCHON,15.00,13.30,16.70
10192,Toluna,M6 & RTL,1744,2026-05-25,2026-05-27,1er,Gabriel Attal et Marine Le Pen,MARINE LE PEN,32.00,29.80,34.20
10192,Toluna,M6 & RTL,1744,2026-05-25,2026-05-27,1er,Gabriel Attal et Marine Le Pen,MARINE TONDELIER,3.00,2.20,3.80
10192,Toluna,M6 & RTL,1744,2026-05-25,2026-05-27,1er,Gabriel Attal et Marine Le Pen,NATHALIE ARTHAUD,1.00,0.50,1.50
10192,Toluna,M6 & RTL,1744,2026-05-25,2026-05-27,1er,Gabriel Attal et Marine Le Pen,NICOLAS DUPONT-AIGNAN,2.00,1.30,2.70
10192,Toluna,M6 & RTL,1744,2026-05-25,2026-05-27,1er,Gabriel Attal et Marine Le Pen,RAPHAEL GLUCKSMANN,11.00,9.50,12.50
10189,Odoxa,Public Sénat et la Presse Régionale,928,2026-05-20,2026-05-21,1er,Hypothèse unique,BRUNO RETAILLEAU,9.00,7.20,10.80
10189,Odoxa,Public Sénat et la Presse Régionale,928,2026-05-20,2026-05-21,1er,Hypothèse unique,EDOUARD PHILIPPE,17.00,14.60,19.40
10189,Odoxa,Public Sénat et la Presse Régionale,928,2026-05-20,2026-05-21,1er,Hypothèse unique,ERIC ZEMMOUR,6.00,4.50,7.50
10189,Odoxa,Public Sénat et la Presse Régionale,928,2026-05-20,2026-05-21,1er,Hypothèse unique,FABIEN ROUSSEL,2.50,1.50,3.50
10189,Odoxa,Public Sénat et la Presse Régionale,928,2026-05-20,2026-05-21,1er,Hypothèse unique,JEAN-LUC MELENCHON,16.00,13.60,18.40
10189,Odoxa,Public Sénat et la Presse Régionale,928,2026-05-20,2026-05-21,1er,Hypothèse unique,JORDAN BARDELLA,32.00,29.00,35.00
10189,Odoxa,Public Sénat et la Presse Régionale,928,2026-05-20,2026-05-21,1er,Hypothèse unique,MARINE TONDELIER,4.00,2.70,5.30
10189,Odoxa,Public Sénat et la Presse Régionale,928,2026-05-20,2026-05-21,1er,Hypothèse unique,NATHALIE ARTHAUD,0.50,0.00,1.00
10189,Odoxa,Public Sénat et la Presse Régionale,928,2026-05-20,2026-05-21,1er,Hypothèse unique,NICOLAS DUPONT-AIGNAN,2.00,1.10,2.90
10189,Odoxa,Public Sénat et la Presse Régionale,928,2026-05-20,2026-05-21,1er,Hypothèse unique,RAPHAEL GLUCKSMANN,11.00,9.00,13.00
10180,Toluna,M6 & RTL,1725,2026-04-28,2026-04-30,1er,Edouard Philippe et Jordan Bardella,BRUNO RETAILLEAU,9.00,7.60,10.40
10180,Toluna,M6 & RTL,1725,2026-04-28,2026-04-30,1er,Edouard Philippe et Jordan Bardella,EDOUARD PHILIPPE,19.00,17.10,20.90
10180,Toluna,M6 & RTL,1725,2026-04-28,2026-04-30,1er,Edouard Philippe et Jordan Bardella,ERIC ZEMMOUR,5.00,4.00,6.00
10180,Toluna,M6 & RTL,1725,2026-04-28,2026-04-30,1er,Edouard Philippe et Jordan Bardella,FABIEN ROUSSEL,4.00,3.10,4.90
10180,Toluna,M6 & RTL,1725,2026-04-28,2026-04-30,1er,Edouard Philippe et Jordan Bardella,JEAN-LUC MELENCHON,12.00,10.50,13.50
10180,Toluna,M6 & RTL,1725,2026-04-28,2026-04-30,1er,Edouard Philippe et Jordan Bardella,JORDAN BARDELLA,34.00,31.80,36.20
10180,Toluna,M6 & RTL,1725,2026-04-28,2026-04-30,1er,Edouard Philippe et Jordan Bardella,MARINE TONDELIER,4.00,3.10,4.90
10180,Toluna,M6 & RTL,1725,2026-04-28,2026-04-30,1er,Edouard Philippe et Jordan Bardella,NATHALIE ARTHAUD,1.00,0.50,1.50
10180,Toluna,M6 & RTL,1725,2026-04-28,2026-04-30,1er,Edouard Philippe et Jordan Bardella,NICOLAS DUPONT-AIGNAN,1.00,0.50,1.50
10180,Toluna,M6 & RTL,1725,2026-04-28,2026-04-30,1er,Edouard Philippe et Jordan Bardella,RAPHAEL GLUCKSMANN,11.00,9.50,12.50
10180,Toluna,M6 & RTL,1725,2026-04-28,2026-04-30,1er,Gabriel Attal et Marine Le Pen,BRUNO RETAILLEAU,13.00,11.40,14.60
10180,Toluna,M6 & RTL,1725,2026-04-28,2026-04-30,1er,Gabriel Attal et Marine Le Pen,ERIC ZEMMOUR,5.00,4.00,6.00
10180,Toluna,M6 & RTL,1725,2026-04-28,2026-04-30,1er,Gabriel Attal et Marine Le Pen,FABIEN ROUSSEL,4.00,3.10,4.90
10180,Toluna,M6 & RTL,1725,2026-04-28,2026-04-30,1er,Gabriel Attal et Marine Le Pen,GABRIEL ATTAL,14.00,12.40,15.60
10180,Toluna,M6 & RTL,1725,2026-04-28,2026-04-30,1er,Gabriel Attal et Marine Le Pen,JEAN-LUC MELENCHON,12.00,10.50,13.50
10180,Toluna,M6 & RTL,1725,2026-04-28,2026-04-30,1er,Gabriel Attal et Marine Le Pen,MARINE LE PEN,33.00,30.80,35.20
10180,Toluna,M6 & RTL,1725,2026-04-28,2026-04-30,1er,Gabriel Attal et Marine Le Pen,MARINE TONDELIER,4.00,3.10,4.90
10180,Toluna,M6 & RTL,1725,2026-04-28,2026-04-30,1er,Gabriel Attal et Marine Le Pen,NATHALIE ARTHAUD,1.00,0.50,1.50
10180,Toluna,M6 & RTL,1725,2026-04-28,2026-04-30,1er,Gabriel Attal et Marine Le Pen,NICOLAS DUPONT-AIGNAN,2.00,1.30,2.70
10180,Toluna,M6 & RTL,1725,2026-04-28,2026-04-30,1er,Gabriel Attal et Marine Le Pen,RAPHAEL GLUCKSMANN,12.00,10.50,13.50
10180,Toluna,M6 & RTL,1725,2026-04-28,2026-04-30,1er,Édouard Philippe et Marine Le Pen,BRUNO RETAILLEAU,10.00,8.60,11.40
10180,Toluna,M6 & RTL,1725,2026-04-28,2026-04-30,1er,Édouard Philippe et Marine Le Pen,EDOUARD PHILIPPE,19.00,17.10,20.90
10180,Toluna,M6 & RTL,1725,2026-04-28,2026-04-30,1er,Édouard Philippe et Marine Le Pen,ERIC ZEMMOUR,6.00,4.90,7.10
10180,Toluna,M6 & RTL,1725,2026-04-28,2026-04-30,1er,Édouard Philippe et Marine Le Pen,FABIEN ROUSSEL,4.00,3.10,4.90
10180,Toluna,M6 & RTL,1725,2026-04-28,2026-04-30,1er,Édouard Philippe et Marine Le Pen,JEAN-LUC MELENCHON,12.00,10.50,13.50
10180,Toluna,M6 & RTL,1725,2026-04-28,2026-04-30,1er,Édouard Philippe et Marine Le Pen,MARINE LE PEN,32.00,29.80,34.20
10180,Toluna,M6 & RTL,1725,2026-04-28,2026-04-30,1er,Édouard Philippe et Marine Le Pen,MARINE TONDELIER,4.00,3.10,4.90
10180,Toluna,M6 & RTL,1725,2026-04-28,2026-04-30,1er,Édouard Philippe et Marine Le Pen,NATHALIE ARTHAUD,1.00,0.50,1.50
10180,Toluna,M6 & RTL,1725,2026-04-28,2026-04-30,1er,Édouard Philippe et Marine Le Pen,NICOLAS DUPONT-AIGNAN,1.00,0.50,1.50
10180,Toluna,M6 & RTL,1725,2026-04-28,2026-04-30,1er,Édouard Philippe et Marine Le Pen,RAPHAEL GLUCKSMANN,11.00,9.50,12.50
10180,Toluna,M6 & RTL,1725,2026-04-28,2026-04-30,1er,Gabriel Attal et Jordan Bardella,BRUNO RETAILLEAU,12.00,10.50,13.50
10180,Toluna,M6 & RTL,1725,2026-04-28,2026-04-30,1er,Gabriel Attal et Jordan Bardella,ERIC ZEMMOUR,5.00,4.00,6.00
10180,Toluna,M6 & RTL,1725,2026-04-28,2026-04-30,1er,Gabriel Attal et Jordan Bardella,FABIEN ROUSSEL,3.00,2.20,3.80
10180,Toluna,M6 & RTL,1725,2026-04-28,2026-04-30,1er,Gabriel Attal et Jordan Bardella,GABRIEL ATTAL,14.00,12.40,15.60
10180,Toluna,M6 & RTL,1725,2026-04-28,2026-04-30,1er,Gabriel Attal et Jordan Bardella,JEAN-LUC MELENCHON,13.00,11.40,14.60
10180,Toluna,M6 & RTL,1725,2026-04-28,2026-04-30,1er,Gabriel Attal et Jordan Bardella,JORDAN BARDELLA,35.00,32.70,37.30
10180,Toluna,M6 & RTL,1725,2026-04-28,2026-04-30,1er,Gabriel Attal et Jordan Bardella,MARINE TONDELIER,4.00,3.10,4.90
10180,Toluna,M6 & RTL,1725,2026-04-28,2026-04-30,1er,Gabriel Attal et Jordan Bardella,NATHALIE ARTHAUD,1.00,0.50,1.50
10180,Toluna,M6 & RTL,1725,2026-04-28,2026-04-30,1er,Gabriel Attal et Jordan Bardella,NICOLAS DUPONT-AIGNAN,1.00,0.50,1.50
10180,Toluna,M6 & RTL,1725,2026-04-28,2026-04-30,1er,Gabriel Attal et Jordan Bardella,RAPHAEL GLUCKSMANN,12.00,10.50,13.50
10167,Odoxa,"MASCARET, PUBLIC SENAT ET 20 TITRES DE LA PRESSE REGIONALE",1206,2026-03-25,2026-03-26,1er,2 : candidature unique d’Edouard Philippe pour le centre et la droite,EDOUARD PHILIPPE,25.00,22.60,27.40
10167,Odoxa,"MASCARET, PUBLIC SENAT ET 20 TITRES DE LA PRESSE REGIONALE",1206,2026-03-25,2026-03-26,1er,2 : candidature unique d’Edouard Philippe pour le centre et la droite,FABIEN ROUSSEL,2.00,1.20,2.80
10167,Odoxa,"MASCARET, PUBLIC SENAT ET 20 TITRES DE LA PRESSE REGIONALE",1206,2026-03-25,2026-03-26,1er,2 : candidature unique d’Edouard Philippe pour le centre et la droite,JEAN-LUC MELENCHON,13.00,11.10,14.90
10167,Odoxa,"MASCARET, PUBLIC SENAT ET 20 TITRES DE LA PRESSE REGIONALE",1206,2026-03-25,2026-03-26,1er,2 : candidature unique d’Edouard Philippe pour le centre et la droite,JORDAN BARDELLA,38.00,35.30,40.70
10167,Odoxa,"MASCARET, PUBLIC SENAT ET 20 TITRES DE LA PRESSE REGIONALE",1206,2026-03-25,2026-03-26,1er,2 : candidature unique d’Edouard Philippe pour le centre et la droite,MARINE TONDELIER,4.00,2.90,5.10
10167,Odoxa,"MASCARET, PUBLIC SENAT ET 20 TITRES DE LA PRESSE REGIONALE",1206,2026-03-25,2026-03-26,1er,2 : candidature unique d’Edouard Philippe pour le centre et la droite,NATHALIE ARTHAUD,1.00,0.40,1.60
10167,Odoxa,"MASCARET, PUBLIC SENAT ET 20 TITRES DE LA PRESSE REGIONALE",1206,2026-03-25,2026-03-26,1er,2 : candidature unique d’Edouard Philippe pour le centre et la droite,NICOLAS DUPONT-AIGNAN,2.00,1.20,2.80
10167,Odoxa,"MASCARET, PUBLIC SENAT ET 20 TITRES DE LA PRESSE REGIONALE",1206,2026-03-25,2026-03-26,1er,2 : candidature unique d’Edouard Philippe pour le centre et la droite,RAPHAEL GLUCKSMANN,10.00,8.30,11.70
10167,Odoxa,"MASCARET, PUBLIC SENAT ET 20 TITRES DE LA PRESSE REGIONALE",1206,2026-03-25,2026-03-26,1er,2 : candidature unique d’Edouard Philippe pour le centre et la droite,SARAH KNAFO,5.00,3.80,6.20
10167,Odoxa,"MASCARET, PUBLIC SENAT ET 20 TITRES DE LA PRESSE REGIONALE",1206,2026-03-25,2026-03-26,1er,1 : candidatures d’Edouard Philippe et de Bruno Retailleau,BRUNO RETAILLEAU,8.00,6.50,9.50
10167,Odoxa,"MASCARET, PUBLIC SENAT ET 20 TITRES DE LA PRESSE REGIONALE",1206,2026-03-25,2026-03-26,1er,1 : candidatures d’Edouard Philippe et de Bruno Retailleau,EDOUARD PHILIPPE,21.00,18.70,23.30
10167,Odoxa,"MASCARET, PUBLIC SENAT ET 20 TITRES DE LA PRESSE REGIONALE",1206,2026-03-25,2026-03-26,1er,1 : candidatures d’Edouard Philippe et de Bruno Retailleau,FABIEN ROUSSEL,2.00,1.20,2.80
10167,Odoxa,"MASCARET, PUBLIC SENAT ET 20 TITRES DE LA PRESSE REGIONALE",1206,2026-03-25,2026-03-26,1er,1 : candidatures d’Edouard Philippe et de Bruno Retailleau,JEAN-LUC MELENCHON,12.00,10.20,13.80
10167,Odoxa,"MASCARET, PUBLIC SENAT ET 20 TITRES DE LA PRESSE REGIONALE",1206,2026-03-25,2026-03-26,1er,1 : candidatures d’Edouard Philippe et de Bruno Retailleau,JORDAN BARDELLA,34.00,31.30,36.70
10167,Odoxa,"MASCARET, PUBLIC SENAT ET 20 TITRES DE LA PRESSE REGIONALE",1206,2026-03-25,2026-03-26,1er,1 : candidatures d’Edouard Philippe et de Bruno Retailleau,MARINE TONDELIER,5.00,3.80,6.20
10167,Odoxa,"MASCARET, PUBLIC SENAT ET 20 TITRES DE LA PRESSE REGIONALE",1206,2026-03-25,2026-03-26,1er,1 : candidatures d’Edouard Philippe et de Bruno Retailleau,NATHALIE ARTHAUD,1.00,0.40,1.60
10167,Odoxa,"MASCARET, PUBLIC SENAT ET 20 TITRES DE LA PRESSE REGIONALE",1206,2026-03-25,2026-03-26,1er,1 : candidatures d’Edouard Philippe et de Bruno Retailleau,NICOLAS DUPONT-AIGNAN,2.00,1.20,2.80
10167,Odoxa,"MASCARET, PUBLIC SENAT ET 20 TITRES DE LA PRESSE REGIONALE",1206,2026-03-25,2026-03-26,1er,1 : candidatures d’Edouard Philippe et de Bruno Retailleau,RAPHAEL GLUCKSMANN,10.00,8.30,11.70
10167,Odoxa,"MASCARET, PUBLIC SENAT ET 20 TITRES DE LA PRESSE REGIONALE",1206,2026-03-25,2026-03-26,1er,1 : candidatures d’Edouard Philippe et de Bruno Retailleau,SARAH KNAFO,5.00,3.80,6.20
10166,Elabe,"BFMTV, La Tribune Dimanche",1422,2026-03-25,2026-03-27,1er,Configuration 3,DOMINIQUE DE VILLEPIN,3.00,2.10,3.90
10166,Elabe,"BFMTV, La Tribune Dimanche",1422,2026-03-25,2026-03-27,1er,Configuration 3,EDOUARD PHILIPPE,25.50,23.20,27.80
10166,Elabe,"BFMTV, La Tribune Dimanche",1422,2026-03-25,2026-03-27,1er,Configuration 3,FABIEN ROUSSEL,4.00,3.00,5.00
10166,Elabe,"BFMTV, La Tribune Dimanche",1422,2026-03-25,2026-03-27,1er,Configuration 3,JEAN-LUC MELENCHON,12.00,10.30,13.70
10166,Elabe,"BFMTV, La Tribune Dimanche",1422,2026-03-25,2026-03-27,1er,Configuration 3,JORDAN BARDELLA,38.00,35.50,40.50
10166,Elabe,"BFMTV, La Tribune Dimanche",1422,2026-03-25,2026-03-27,1er,Configuration 3,MARINE TONDELIER,4.50,3.40,5.60
10166,Elabe,"BFMTV, La Tribune Dimanche",1422,2026-03-25,2026-03-27,1er,Configuration 3,NATHALIE ARTHAUD,1.00,0.50,1.50
10166,Elabe,"BFMTV, La Tribune Dimanche",1422,2026-03-25,2026-03-27,1er,Configuration 3,NICOLAS DUPONT-AIGNAN,2.50,1.70,3.30
10166,Elabe,"BFMTV, La Tribune Dimanche",1422,2026-03-25,2026-03-27,1er,Configuration 3,OLIVIER FAURE,4.50,3.40,5.60
10166,Elabe,"BFMTV, La Tribune Dimanche",1422,2026-03-25,2026-03-27,1er,Configuration 3,SARAH KNAFO,5.00,3.90,6.10
10166,Elabe,"BFMTV, La Tribune Dimanche",1422,2026-03-25,2026-03-27,1er,Configuration 6,BRUNO RETAILLEAU,9.50,8.00,11.00
10166,Elabe,"BFMTV, La Tribune Dimanche",1422,2026-03-25,2026-03-27,1er,Configuration 6,DOMINIQUE DE VILLEPIN,5.50,4.30,6.70
10166,Elabe,"BFMTV, La Tribune Dimanche",1422,2026-03-25,2026-03-27,1er,Configuration 6,ERIC ZEMMOUR,3.50,2.50,4.50
10166,Elabe,"BFMTV, La Tribune Dimanche",1422,2026-03-25,2026-03-27,1er,Configuration 6,FABIEN ROUSSEL,3.00,2.10,3.90
10166,Elabe,"BFMTV, La Tribune Dimanche",1422,2026-03-25,2026-03-27,1er,Configuration 6,FRANCOIS RUFFIN,8.00,6.60,9.40
10166,Elabe,"BFMTV, La Tribune Dimanche",1422,2026-03-25,2026-03-27,1er,Configuration 6,JEAN-LUC MELENCHON,11.00,9.40,12.60
10166,Elabe,"BFMTV, La Tribune Dimanche",1422,2026-03-25,2026-03-27,1er,Configuration 6,JORDAN BARDELLA,37.50,35.00,40.00
10166,Elabe,"BFMTV, La Tribune Dimanche",1422,2026-03-25,2026-03-27,1er,Configuration 6,NATHALIE ARTHAUD,1.00,0.50,1.50
10166,Elabe,"BFMTV, La Tribune Dimanche",1422,2026-03-25,2026-03-27,1er,Configuration 6,NICOLAS DUPONT-AIGNAN,2.50,1.70,3.30
10166,Elabe,"BFMTV, La Tribune Dimanche",1422,2026-03-25,2026-03-27,1er,Configuration 6,RAPHAEL GLUCKSMANN,12.00,10.30,13.70
10166,Elabe,"BFMTV, La Tribune Dimanche",1422,2026-03-25,2026-03-27,1er,Configuration 6,SEBASTIEN LECORNU,6.50,5.20,7.80
10166,Elabe,"BFMTV, La Tribune Dimanche",1422,2026-03-25,2026-03-27,1er,Configuration 1,BRUNO RETAILLEAU,7.00,5.70,8.30
10166,Elabe,"BFMTV, La Tribune Dimanche",1422,2026-03-25,2026-03-27,1er,Configuration 1,DOMINIQUE DE VILLEPIN,3.00,2.10,3.90
10166,Elabe,"BFMTV, La Tribune Dimanche",1422,2026-03-25,2026-03-27,1er,Configuration 1,EDOUARD PHILIPPE,20.50,18.40,22.60
10166,Elabe,"BFMTV, La Tribune Dimanche",1422,2026-03-25,2026-03-27,1er,Configuration 1,ERIC ZEMMOUR,3.00,2.10,3.90
10166,Elabe,"BFMTV, La Tribune Dimanche",1422,2026-03-25,2026-03-27,1er,Configuration 1,FABIEN ROUSSEL,3.00,2.10,3.90
10166,Elabe,"BFMTV, La Tribune Dimanche",1422,2026-03-25,2026-03-27,1er,Configuration 1,JEAN-LUC MELENCHON,10.50,8.90,12.10
10166,Elabe,"BFMTV, La Tribune Dimanche",1422,2026-03-25,2026-03-27,1er,Configuration 1,JORDAN BARDELLA,35.00,32.50,37.50
10166,Elabe,"BFMTV, La Tribune Dimanche",1422,2026-03-25,2026-03-27,1er,Configuration 1,MARINE TONDELIER,4.50,3.40,5.60
10166,Elabe,"BFMTV, La Tribune Dimanche",1422,2026-03-25,2026-03-27,1er,Configuration 1,NATHALIE ARTHAUD,0.50,0.10,0.90
10166,Elabe,"BFMTV, La Tribune Dimanche",1422,2026-03-25,2026-03-27,1er,Configuration 1,NICOLAS DUPONT-AIGNAN,2.50,1.70,3.30
10166,Elabe,"BFMTV, La Tribune Dimanche",1422,2026-03-25,2026-03-27,1er,Configuration 1,RAPHAEL GLUCKSMANN,10.50,8.90,12.10
10166,Elabe,"BFMTV, La Tribune Dimanche",1422,2026-03-25,2026-03-27,1er,Configuration 4,BRUNO RETAILLEAU,10.00,8.40,11.60
10166,Elabe,"BFMTV, La Tribune Dimanche",1422,2026-03-25,2026-03-27,1er,Configuration 4,DOMINIQUE DE VILLEPIN,6.00,4.80,7.20
10166,Elabe,"BFMTV, La Tribune Dimanche",1422,2026-03-25,2026-03-27,1er,Configuration 4,FABIEN ROUSSEL,2.50,1.70,3.30
10166,Elabe,"BFMTV, La Tribune Dimanche",1422,2026-03-25,2026-03-27,1er,Configuration 4,GABRIEL ATTAL,11.50,9.80,13.20
10166,Elabe,"BFMTV, La Tribune Dimanche",1422,2026-03-25,2026-03-27,1er,Configuration 4,JEAN-LUC MELENCHON,12.00,10.30,13.70
10166,Elabe,"BFMTV, La Tribune Dimanche",1422,2026-03-25,2026-03-27,1er,Configuration 4,MARINE LE PEN,34.00,31.50,36.50
10166,Elabe,"BFMTV, La Tribune Dimanche",1422,2026-03-25,2026-03-27,1er,Configuration 4,MARINE TONDELIER,4.00,3.00,5.00
10166,Elabe,"BFMTV, La Tribune Dimanche",1422,2026-03-25,2026-03-27,1er,Configuration 4,NATHALIE ARTHAUD,1.00,0.50,1.50
10166,Elabe,"BFMTV, La Tribune Dimanche",1422,2026-03-25,2026-03-27,1er,Configuration 4,NICOLAS DUPONT-AIGNAN,2.50,1.70,3.30
10166,Elabe,"BFMTV, La Tribune Dimanche",1422,2026-03-25,2026-03-27,1er,Configuration 4,RAPHAEL GLUCKSMANN,12.50,10.80,14.20
10166,Elabe,"BFMTV, La Tribune Dimanche",1422,2026-03-25,2026-03-27,1er,Configuration 4,SARAH KNAFO,4.00,3.00,5.00
10166,Elabe,"BFMTV, La Tribune Dimanche",1422,2026-03-25,2026-03-27,1er,Configuration 5,BRUNO RETAILLEAU,8.50,7.10,9.90
10166,Elabe,"BFMTV, La Tribune Dimanche",1422,2026-03-25,2026-03-27,1er,Configuration 5,DOMINIQUE DE VILLEPIN,5.00,3.90,6.10
10166,Elabe,"BFMTV, La Tribune Dimanche",1422,2026-03-25,2026-03-27,1er,Configuration 5,FABIEN ROUSSEL,3.00,2.10,3.90
10166,Elabe,"BFMTV, La Tribune Dimanche",1422,2026-03-25,2026-03-27,1er,Configuration 5,GERALD DARMANIN,8.00,6.60,9.40
10166,Elabe,"BFMTV, La Tribune Dimanche",1422,2026-03-25,2026-03-27,1er,Configuration 5,JEAN-LUC MELENCHON,13.00,11.30,14.70
10166,Elabe,"BFMTV, La Tribune Dimanche",1422,2026-03-25,2026-03-27,1er,Configuration 5,JORDAN BARDELLA,38.50,36.00,41.00
10166,Elabe,"BFMTV, La Tribune Dimanche",1422,2026-03-25,2026-03-27,1er,Configuration 5,MARINE TONDELIER,5.00,3.90,6.10
10166,Elabe,"BFMTV, La Tribune Dimanche",1422,2026-03-25,2026-03-27,1er,Configuration 5,NATHALIE ARTHAUD,0.50,0.10,0.90
10166,Elabe,"BFMTV, La Tribune Dimanche",1422,2026-03-25,2026-03-27,1er,Configuration 5,NICOLAS DUPONT-AIGNAN,2.50,1.70,3.30
10166,Elabe,"BFMTV, La Tribune Dimanche",1422,2026-03-25,2026-03-27,1er,Configuration 5,RAPHAEL GLUCKSMANN,12.50,10.80,14.20
10166,Elabe,"BFMTV, La Tribune Dimanche",1422,2026-03-25,2026-03-27,1er,Configuration 5,SARAH KNAFO,3.50,2.50,4.50
10166,Elabe,"BFMTV, La Tribune Dimanche",1422,2026-03-25,2026-03-27,1er,Configuration 2,BRUNO RETAILLEAU,8.50,7.10,9.90
10166,Elabe,"BFMTV, La Tribune Dimanche",1422,2026-03-25,2026-03-27,1er,Configuration 2,DOMINIQUE DE VILLEPIN,2.50,1.70,3.30
10166,Elabe,"BFMTV, La Tribune Dimanche",1422,2026-03-25,2026-03-27,1er,Configuration 2,EDOUARD PHILIPPE,22.00,19.80,24.20
10166,Elabe,"BFMTV, La Tribune Dimanche",1422,2026-03-25,2026-03-27,1er,Configuration 2,ERIC ZEMMOUR,3.50,2.50,4.50
10166,Elabe,"BFMTV, La Tribune Dimanche",1422,2026-03-25,2026-03-27,1er,Configuration 2,FABIEN ROUSSEL,3.50,2.50,4.50
10166,Elabe,"BFMTV, La Tribune Dimanche",1422,2026-03-25,2026-03-27,1er,Configuration 2,FRANCOIS HOLLANDE,8.50,7.10,9.90
10166,Elabe,"BFMTV, La Tribune Dimanche",1422,2026-03-25,2026-03-27,1er,Configuration 2,JEAN-LUC MELENCHON,11.50,9.80,13.20
10166,Elabe,"BFMTV, La Tribune Dimanche",1422,2026-03-25,2026-03-27,1er,Configuration 2,MARINE LE PEN,31.50,29.10,33.90
10166,Elabe,"BFMTV, La Tribune Dimanche",1422,2026-03-25,2026-03-27,1er,Configuration 2,MARINE TONDELIER,5.00,3.90,6.10
10166,Elabe,"BFMTV, La Tribune Dimanche",1422,2026-03-25,2026-03-27,1er,Configuration 2,NATHALIE ARTHAUD,0.50,0.10,0.90
10166,Elabe,"BFMTV, La Tribune Dimanche",1422,2026-03-25,2026-03-27,1er,Configuration 2,NICOLAS DUPONT-AIGNAN,3.00,2.10,3.90
10165,Toluna,M6 & RTL,1000,2026-03-22,2026-03-22,1er,Gabriel Attal,BRUNO RETAILLEAU,10.00,8.10,11.90
10165,Toluna,M6 & RTL,1000,2026-03-22,2026-03-22,1er,Gabriel Attal,ERIC ZEMMOUR,5.00,3.60,6.40
10165,Toluna,M6 & RTL,1000,2026-03-22,2026-03-22,1er,Gabriel Attal,FABIEN ROUSSEL,3.00,1.90,4.10
10165,Toluna,M6 & RTL,1000,2026-03-22,2026-03-22,1er,Gabriel Attal,GABRIEL ATTAL,13.00,10.90,15.10
10165,Toluna,M6 & RTL,1000,2026-03-22,2026-03-22,1er,Gabriel Attal,JEAN-LUC MELENCHON,11.00,9.10,12.90
10165,Toluna,M6 & RTL,1000,2026-03-22,2026-03-22,1er,Gabriel Attal,JORDAN BARDELLA,36.00,33.00,39.00
10165,Toluna,M6 & RTL,1000,2026-03-22,2026-03-22,1er,Gabriel Attal,MARINE TONDELIER,5.00,3.60,6.40
10165,Toluna,M6 & RTL,1000,2026-03-22,2026-03-22,1er,Gabriel Attal,NATHALIE ARTHAUD,1.00,0.40,1.60
10165,Toluna,M6 & RTL,1000,2026-03-22,2026-03-22,1er,Gabriel Attal,NICOLAS DUPONT-AIGNAN,2.00,1.10,2.90
10165,Toluna,M6 & RTL,1000,2026-03-22,2026-03-22,1er,Gabriel Attal,RAPHAEL GLUCKSMANN,14.00,11.80,16.20
10165,Toluna,M6 & RTL,1000,2026-03-22,2026-03-22,1er,Edouard Philippe,BRUNO RETAILLEAU,7.00,5.40,8.60
10165,Toluna,M6 & RTL,1000,2026-03-22,2026-03-22,1er,Edouard Philippe,EDOUARD PHILIPPE,18.00,15.60,20.40
10165,Toluna,M6 & RTL,1000,2026-03-22,2026-03-22,1er,Edouard Philippe,ERIC ZEMMOUR,5.00,3.60,6.40
10165,Toluna,M6 & RTL,1000,2026-03-22,2026-03-22,1er,Edouard Philippe,FABIEN ROUSSEL,3.00,1.90,4.10
10165,Toluna,M6 & RTL,1000,2026-03-22,2026-03-22,1er,Edouard Philippe,JEAN-LUC MELENCHON,11.00,9.10,12.90
10165,Toluna,M6 & RTL,1000,2026-03-22,2026-03-22,1er,Edouard Philippe,JORDAN BARDELLA,35.00,32.00,38.00
10165,Toluna,M6 & RTL,1000,2026-03-22,2026-03-22,1er,Edouard Philippe,MARINE TONDELIER,4.00,2.80,5.20
10165,Toluna,M6 & RTL,1000,2026-03-22,2026-03-22,1er,Edouard Philippe,NATHALIE ARTHAUD,1.00,0.40,1.60
10165,Toluna,M6 & RTL,1000,2026-03-22,2026-03-22,1er,Edouard Philippe,NICOLAS DUPONT-AIGNAN,2.00,1.10,2.90
10165,Toluna,M6 & RTL,1000,2026-03-22,2026-03-22,1er,Edouard Philippe,RAPHAEL GLUCKSMANN,14.00,11.80,16.20
10118,Ifop,Sud Radio et le Figaro,1393,2026-02-26,2026-02-27,1er,hypothèse E. Phillipe et M. Le Pen,BRUNO RETAILLEAU,11.00,9.40,12.60
10118,Ifop,Sud Radio et le Figaro,1393,2026-02-26,2026-02-27,1er,hypothèse E. Phillipe et M. Le Pen,DOMINIQUE DE VILLEPIN,5.00,3.90,6.10
10118,Ifop,Sud Radio et le Figaro,1393,2026-02-26,2026-02-27,1er,hypothèse E. Phillipe et M. Le Pen,EDOUARD PHILIPPE,16.00,14.10,17.90
10118,Ifop,Sud Radio et le Figaro,1393,2026-02-26,2026-02-27,1er,hypothèse E. Phillipe et M. Le Pen,ERIC ZEMMOUR,4.00,3.00,5.00
10118,Ifop,Sud Radio et le Figaro,1393,2026-02-26,2026-02-27,1er,hypothèse E. Phillipe et M. Le Pen,FABIEN ROUSSEL,2.00,1.30,2.70
10118,Ifop,Sud Radio et le Figaro,1393,2026-02-26,2026-02-27,1er,hypothèse E. Phillipe et M. Le Pen,JEAN-LUC MELENCHON,10.00,8.40,11.60
10118,Ifop,Sud Radio et le Figaro,1393,2026-02-26,2026-02-27,1er,hypothèse E. Phillipe et M. Le Pen,MARINE LE PEN,34.00,31.50,36.50
10118,Ifop,Sud Radio et le Figaro,1393,2026-02-26,2026-02-27,1er,hypothèse E. Phillipe et M. Le Pen,MARINE TONDELIER,4.00,3.00,5.00
10118,Ifop,Sud Radio et le Figaro,1393,2026-02-26,2026-02-27,1er,hypothèse E. Phillipe et M. Le Pen,NATHALIE ARTHAUD,1.00,0.50,1.50
10118,Ifop,Sud Radio et le Figaro,1393,2026-02-26,2026-02-27,1er,hypothèse E. Phillipe et M. Le Pen,NICOLAS DUPONT-AIGNAN,2.00,1.30,2.70
10118,Ifop,Sud Radio et le Figaro,1393,2026-02-26,2026-02-27,1er,hypothèse E. Phillipe et M. Le Pen,RAPHAEL GLUCKSMANN,11.00,9.40,12.60
10118,Ifop,Sud Radio et le Figaro,1393,2026-02-26,2026-02-27,1er,hypothèse F. Hollande et E. Phillipe,BRUNO RETAILLEAU,11.00,9.40,12.60
10118,Ifop,Sud Radio et le Figaro,1393,2026-02-26,2026-02-27,1er,hypothèse F. Hollande et E. Phillipe,EDOUARD PHILIPPE,18.00,16.00,20.00
10118,Ifop,Sud Radio et le Figaro,1393,2026-02-26,2026-02-27,1er,hypothèse F. Hollande et E. Phillipe,ERIC ZEMMOUR,4.00,3.00,5.00
10118,Ifop,Sud Radio et le Figaro,1393,2026-02-26,2026-02-27,1er,hypothèse F. Hollande et E. Phillipe,FABIEN ROUSSEL,3.00,2.10,3.90
10118,Ifop,Sud Radio et le Figaro,1393,2026-02-26,2026-02-27,1er,hypothèse F. Hollande et E. Phillipe,FRANCOIS HOLLANDE,8.00,6.60,9.40
10118,Ifop,Sud Radio et le Figaro,1393,2026-02-26,2026-02-27,1er,hypothèse F. Hollande et E. Phillipe,JEAN-LUC MELENCHON,11.00,9.40,12.60
10118,Ifop,Sud Radio et le Figaro,1393,2026-02-26,2026-02-27,1er,hypothèse F. Hollande et E. Phillipe,JORDAN BARDELLA,36.00,33.50,38.50
10118,Ifop,Sud Radio et le Figaro,1393,2026-02-26,2026-02-27,1er,hypothèse F. Hollande et E. Phillipe,MARINE TONDELIER,5.00,3.90,6.10
10118,Ifop,Sud Radio et le Figaro,1393,2026-02-26,2026-02-27,1er,hypothèse F. Hollande et E. Phillipe,NATHALIE ARTHAUD,2.00,1.30,2.70
10118,Ifop,Sud Radio et le Figaro,1393,2026-02-26,2026-02-27,1er,hypothèse F. Hollande et E. Phillipe,NICOLAS DUPONT-AIGNAN,2.00,1.30,2.70
10118,Ifop,Sud Radio et le Figaro,1393,2026-02-26,2026-02-27,1er,hypothèse G. Attal et M. Le Pen,BRUNO RETAILLEAU,12.00,10.30,13.70
10118,Ifop,Sud Radio et le Figaro,1393,2026-02-26,2026-02-27,1er,hypothèse G. Attal et M. Le Pen,DOMINIQUE DE VILLEPIN,4.50,3.40,5.60
10118,Ifop,Sud Radio et le Figaro,1393,2026-02-26,2026-02-27,1er,hypothèse G. Attal et M. Le Pen,ERIC ZEMMOUR,4.00,3.00,5.00
10118,Ifop,Sud Radio et le Figaro,1393,2026-02-26,2026-02-27,1er,hypothèse G. Attal et M. Le Pen,FABIEN ROUSSEL,2.00,1.30,2.70
10118,Ifop,Sud Radio et le Figaro,1393,2026-02-26,2026-02-27,1er,hypothèse G. Attal et M. Le Pen,GABRIEL ATTAL,10.00,8.40,11.60
10118,Ifop,Sud Radio et le Figaro,1393,2026-02-26,2026-02-27,1er,hypothèse G. Attal et M. Le Pen,JEAN-LUC MELENCHON,11.00,9.40,12.60
10118,Ifop,Sud Radio et le Figaro,1393,2026-02-26,2026-02-27,1er,hypothèse G. Attal et M. Le Pen,MARINE LE PEN,35.00,32.50,37.50
10118,Ifop,Sud Radio et le Figaro,1393,2026-02-26,2026-02-27,1er,hypothèse G. Attal et M. Le Pen,MARINE TONDELIER,4.50,3.40,5.60
10118,Ifop,Sud Radio et le Figaro,1393,2026-02-26,2026-02-27,1er,hypothèse G. Attal et M. Le Pen,NATHALIE ARTHAUD,2.00,1.30,2.70
10118,Ifop,Sud Radio et le Figaro,1393,2026-02-26,2026-02-27,1er,hypothèse G. Attal et M. Le Pen,NICOLAS DUPONT-AIGNAN,3.00,2.10,3.90
10118,Ifop,Sud Radio et le Figaro,1393,2026-02-26,2026-02-27,1er,hypothèse G. Attal et M. Le Pen,RAPHAEL GLUCKSMANN,12.00,10.30,13.70
10118,Ifop,Sud Radio et le Figaro,1393,2026-02-26,2026-02-27,1er,hypothèse G. Darmanin et J. Bardella,BRUNO RETAILLEAU,13.00,11.20,14.80
10118,Ifop,Sud Radio et le Figaro,1393,2026-02-26,2026-02-27,1er,hypothèse G. Darmanin et J. Bardella,DOMINIQUE DE VILLEPIN,5.00,3.90,6.10
10118,Ifop,Sud Radio et le Figaro,1393,2026-02-26,2026-02-27,1er,hypothèse G. Darmanin et J. Bardella,ERIC ZEMMOUR,3.00,2.10,3.90
10118,Ifop,Sud Radio et le Figaro,1393,2026-02-26,2026-02-27,1er,hypothèse G. Darmanin et J. Bardella,FABIEN ROUSSEL,3.00,2.10,3.90
10118,Ifop,Sud Radio et le Figaro,1393,2026-02-26,2026-02-27,1er,hypothèse G. Darmanin et J. Bardella,GERALD DARMANIN,8.00,6.60,9.40
10118,Ifop,Sud Radio et le Figaro,1393,2026-02-26,2026-02-27,1er,hypothèse G. Darmanin et J. Bardella,JEAN-LUC MELENCHON,10.00,8.40,11.60
10118,Ifop,Sud Radio et le Figaro,1393,2026-02-26,2026-02-27,1er,hypothèse G. Darmanin et J. Bardella,JORDAN BARDELLA,37.00,34.50,39.50
10118,Ifop,Sud Radio et le Figaro,1393,2026-02-26,2026-02-27,1er,hypothèse G. Darmanin et J. Bardella,MARINE TONDELIER,4.00,3.00,5.00
10118,Ifop,Sud Radio et le Figaro,1393,2026-02-26,2026-02-27,1er,hypothèse G. Darmanin et J. Bardella,NATHALIE ARTHAUD,1.50,0.90,2.10
10118,Ifop,Sud Radio et le Figaro,1393,2026-02-26,2026-02-27,1er,hypothèse G. Darmanin et J. Bardella,NICOLAS DUPONT-AIGNAN,2.50,1.70,3.30
10118,Ifop,Sud Radio et le Figaro,1393,2026-02-26,2026-02-27,1er,hypothèse G. Darmanin et J. Bardella,RAPHAEL GLUCKSMANN,13.00,11.20,14.80
10118,Ifop,Sud Radio et le Figaro,1393,2026-02-26,2026-02-27,1er,hypothèse E. Phillipe et J. Bardella,BRUNO RETAILLEAU,10.00,8.40,11.60
10118,Ifop,Sud Radio et le Figaro,1393,2026-02-26,2026-02-27,1er,hypothèse E. Phillipe et J. Bardella,DOMINIQUE DE VILLEPIN,3.50,2.50,4.50
10118,Ifop,Sud Radio et le Figaro,1393,2026-02-26,2026-02-27,1er,hypothèse E. Phillipe et J. Bardella,EDOUARD PHILIPPE,16.00,14.10,17.90
10118,Ifop,Sud Radio et le Figaro,1393,2026-02-26,2026-02-27,1er,hypothèse E. Phillipe et J. Bardella,ERIC ZEMMOUR,4.00,3.00,5.00
10118,Ifop,Sud Radio et le Figaro,1393,2026-02-26,2026-02-27,1er,hypothèse E. Phillipe et J. Bardella,FABIEN ROUSSEL,2.00,1.30,2.70
10118,Ifop,Sud Radio et le Figaro,1393,2026-02-26,2026-02-27,1er,hypothèse E. Phillipe et J. Bardella,JEAN-LUC MELENCHON,11.00,9.40,12.60
10118,Ifop,Sud Radio et le Figaro,1393,2026-02-26,2026-02-27,1er,hypothèse E. Phillipe et J. Bardella,JORDAN BARDELLA,36.00,33.50,38.50
10118,Ifop,Sud Radio et le Figaro,1393,2026-02-26,2026-02-27,1er,hypothèse E. Phillipe et J. Bardella,MARINE TONDELIER,4.00,3.00,5.00
10118,Ifop,Sud Radio et le Figaro,1393,2026-02-26,2026-02-27,1er,hypothèse E. Phillipe et J. Bardella,NATHALIE ARTHAUD,1.00,0.50,1.50
10118,Ifop,Sud Radio et le Figaro,1393,2026-02-26,2026-02-27,1er,hypothèse E. Phillipe et J. Bardella,NICOLAS DUPONT-AIGNAN,2.50,1.70,3.30
10118,Ifop,Sud Radio et le Figaro,1393,2026-02-26,2026-02-27,1er,hypothèse E. Phillipe et J. Bardella,RAPHAEL GLUCKSMANN,10.00,8.40,11.60
10118,Ifop,Sud Radio et le Figaro,1393,2026-02-26,2026-02-27,1er,hypothèse S. Lecornu et J. Bardella,BRUNO RETAILLEAU,13.00,11.20,14.80
10118,Ifop,Sud Radio et le Figaro,1393,2026-02-26,2026-02-27,1er,hypothèse S. Lecornu et J. Bardella,DOMINIQUE DE VILLEPIN,5.00,3.90,6.10
10118,Ifop,Sud Radio et le Figaro,1393,2026-02-26,2026-02-27,1er,hypothèse S. Lecornu et J. Bardella,ERIC ZEMMOUR,3.50,2.50,4.50
10118,Ifop,Sud Radio et le Figaro,1393,2026-02-26,2026-02-27,1er,hypothèse S. Lecornu et J. Bardella,FABIEN ROUSSEL,3.00,2.10,3.90
10118,Ifop,Sud Radio et le Figaro,1393,2026-02-26,2026-02-27,1er,hypothèse S. Lecornu et J. Bardella,JEAN-LUC MELENCHON,10.00,8.40,11.60
10118,Ifop,Sud Radio et le Figaro,1393,2026-02-26,2026-02-27,1er,hypothèse S. Lecornu et J. Bardella,JORDAN BARDELLA,37.00,34.50,39.50
10118,Ifop,Sud Radio et le Figaro,1393,2026-02-26,2026-02-27,1er,hypothèse S. Lecornu et J. Bardella,MARINE TONDELIER,4.50,3.40,5.60
10118,Ifop,Sud Radio et le Figaro,1393,2026-02-26,2026-02-27,1er,hypothèse S. Lecornu et J. Bardella,NATHALIE ARTHAUD,2.00,1.30,2.70
10118,Ifop,Sud Radio et le Figaro,1393,2026-02-26,2026-02-27,1er,hypothèse S. Lecornu et J. Bardella,NICOLAS DUPONT-AIGNAN,3.00,2.10,3.90
10118,Ifop,Sud Radio et le Figaro,1393,2026-02-26,2026-02-27,1er,hypothèse S. Lecornu et J. Bardella,RAPHAEL GLUCKSMANN,13.00,11.20,14.80
10118,Ifop,Sud Radio et le Figaro,1393,2026-02-26,2026-02-27,1er,hypothèse S. Lecornu et J. Bardella,SEBASTIEN LECORNU,6.00,4.80,7.20
10118,Ifop,Sud Radio et le Figaro,1393,2026-02-26,2026-02-27,1er,hypothèse G. Attal et J. Bardella,BRUNO RETAILLEAU,12.00,10.30,13.70
10118,Ifop,Sud Radio et le Figaro,1393,2026-02-26,2026-02-27,1er,hypothèse G. Attal et J. Bardella,DOMINIQUE DE VILLEPIN,4.00,3.00,5.00
10118,Ifop,Sud Radio et le Figaro,1393,2026-02-26,2026-02-27,1er,hypothèse G. Attal et J. Bardella,ERIC ZEMMOUR,4.00,3.00,5.00
10118,Ifop,Sud Radio et le Figaro,1393,2026-02-26,2026-02-27,1er,hypothèse G. Attal et J. Bardella,FABIEN ROUSSEL,3.00,2.10,3.90
10118,Ifop,Sud Radio et le Figaro,1393,2026-02-26,2026-02-27,1er,hypothèse G. Attal et J. Bardella,GABRIEL ATTAL,11.00,9.40,12.60
10118,Ifop,Sud Radio et le Figaro,1393,2026-02-26,2026-02-27,1er,hypothèse G. Attal et J. Bardella,JEAN-LUC MELENCHON,10.00,8.40,11.60
10118,Ifop,Sud Radio et le Figaro,1393,2026-02-26,2026-02-27,1er,hypothèse G. Attal et J. Bardella,JORDAN BARDELLA,36.00,33.50,38.50
10118,Ifop,Sud Radio et le Figaro,1393,2026-02-26,2026-02-27,1er,hypothèse G. Attal et J. Bardella,MARINE TONDELIER,4.00,3.00,5.00
10118,Ifop,Sud Radio et le Figaro,1393,2026-02-26,2026-02-27,1er,hypothèse G. Attal et J. Bardella,NATHALIE ARTHAUD,2.00,1.30,2.70
10118,Ifop,Sud Radio et le Figaro,1393,2026-02-26,2026-02-27,1er,hypothèse G. Attal et J. Bardella,NICOLAS DUPONT-AIGNAN,2.00,1.30,2.70
10118,Ifop,Sud Radio et le Figaro,1393,2026-02-26,2026-02-27,1er,hypothèse G. Attal et J. Bardella,RAPHAEL GLUCKSMANN,12.00,10.30,13.70
10118,Ifop,Sud Radio et le Figaro,1393,2026-02-26,2026-02-27,1er,hypothèse B. Retailleau candidat du socle commun,BRUNO RETAILLEAU,17.00,15.00,19.00
10118,Ifop,Sud Radio et le Figaro,1393,2026-02-26,2026-02-27,1er,hypothèse B. Retailleau candidat du socle commun,ERIC ZEMMOUR,4.00,3.00,5.00
10118,Ifop,Sud Radio et le Figaro,1393,2026-02-26,2026-02-27,1er,hypothèse B. Retailleau candidat du socle commun,FABIEN ROUSSEL,3.00,2.10,3.90
10118,Ifop,Sud Radio et le Figaro,1393,2026-02-26,2026-02-27,1er,hypothèse B. Retailleau candidat du socle commun,JEAN-LUC MELENCHON,12.00,10.30,13.70
10118,Ifop,Sud Radio et le Figaro,1393,2026-02-26,2026-02-27,1er,hypothèse B. Retailleau candidat du socle commun,JORDAN BARDELLA,38.00,35.50,40.50
10118,Ifop,Sud Radio et le Figaro,1393,2026-02-26,2026-02-27,1er,hypothèse B. Retailleau candidat du socle commun,MARINE TONDELIER,5.00,3.90,6.10
10118,Ifop,Sud Radio et le Figaro,1393,2026-02-26,2026-02-27,1er,hypothèse B. Retailleau candidat du socle commun,NATHALIE ARTHAUD,2.00,1.30,2.70
10118,Ifop,Sud Radio et le Figaro,1393,2026-02-26,2026-02-27,1er,hypothèse B. Retailleau candidat du socle commun,NICOLAS DUPONT-AIGNAN,3.00,2.10,3.90
10118,Ifop,Sud Radio et le Figaro,1393,2026-02-26,2026-02-27,1er,hypothèse B. Retailleau candidat du socle commun,RAPHAEL GLUCKSMANN,16.00,14.10,17.90
10118,Ifop,Sud Radio et le Figaro,1393,2026-02-26,2026-02-27,1er,hypothèse O. Faure et E. Phillipe,BRUNO RETAILLEAU,11.00,9.40,12.60
10118,Ifop,Sud Radio et le Figaro,1393,2026-02-26,2026-02-27,1er,hypothèse O. Faure et E. Phillipe,EDOUARD PHILIPPE,19.00,16.90,21.10
10118,Ifop,Sud Radio et le Figaro,1393,2026-02-26,2026-02-27,1er,hypothèse O. Faure et E. Phillipe,ERIC ZEMMOUR,4.50,3.40,5.60
10118,Ifop,Sud Radio et le Figaro,1393,2026-02-26,2026-02-27,1er,hypothèse O. Faure et E. Phillipe,FABIEN ROUSSEL,3.00,2.10,3.90
10118,Ifop,Sud Radio et le Figaro,1393,2026-02-26,2026-02-27,1er,hypothèse O. Faure et E. Phillipe,JEAN-LUC MELENCHON,11.00,9.40,12.60
10118,Ifop,Sud Radio et le Figaro,1393,2026-02-26,2026-02-27,1er,hypothèse O. Faure et E. Phillipe,JORDAN BARDELLA,36.00,33.50,38.50
10118,Ifop,Sud Radio et le Figaro,1393,2026-02-26,2026-02-27,1er,hypothèse O. Faure et E. Phillipe,MARINE TONDELIER,5.00,3.90,6.10
10118,Ifop,Sud Radio et le Figaro,1393,2026-02-26,2026-02-27,1er,hypothèse O. Faure et E. Phillipe,NATHALIE ARTHAUD,2.00,1.30,2.70
10118,Ifop,Sud Radio et le Figaro,1393,2026-02-26,2026-02-27,1er,hypothèse O. Faure et E. Phillipe,NICOLAS DUPONT-AIGNAN,3.50,2.50,4.50
10118,Ifop,Sud Radio et le Figaro,1393,2026-02-26,2026-02-27,1er,hypothèse O. Faure et E. Phillipe,OLIVIER FAURE,5.00,3.90,6.10
10118,Ifop,Sud Radio et le Figaro,1393,2026-02-26,2026-02-27,1er,hypothèse E. Philippe candidat du socle commun,EDOUARD PHILIPPE,23.00,20.80,25.20
10118,Ifop,Sud Radio et le Figaro,1393,2026-02-26,2026-02-27,1er,hypothèse E. Philippe candidat du socle commun,ERIC ZEMMOUR,5.00,3.90,6.10
10118,Ifop,Sud Radio et le Figaro,1393,2026-02-26,2026-02-27,1er,hypothèse E. Philippe candidat du socle commun,FABIEN ROUSSEL,2.50,1.70,3.30
10118,Ifop,Sud Radio et le Figaro,1393,2026-02-26,2026-02-27,1er,hypothèse E. Philippe candidat du socle commun,JEAN-LUC MELENCHON,12.00,10.30,13.70
10118,Ifop,Sud Radio et le Figaro,1393,2026-02-26,2026-02-27,1er,hypothèse E. Philippe candidat du socle commun,JORDAN BARDELLA,37.00,34.50,39.50
10118,Ifop,Sud Radio et le Figaro,1393,2026-02-26,2026-02-27,1er,hypothèse E. Philippe candidat du socle commun,MARINE TONDELIER,4.50,3.40,5.60
10118,Ifop,Sud Radio et le Figaro,1393,2026-02-26,2026-02-27,1er,hypothèse E. Philippe candidat du socle commun,NATHALIE ARTHAUD,2.00,1.30,2.70
10118,Ifop,Sud Radio et le Figaro,1393,2026-02-26,2026-02-27,1er,hypothèse E. Philippe candidat du socle commun,NICOLAS DUPONT-AIGNAN,3.00,2.10,3.90
10118,Ifop,Sud Radio et le Figaro,1393,2026-02-26,2026-02-27,1er,hypothèse E. Philippe candidat du socle commun,RAPHAEL GLUCKSMANN,11.00,9.40,12.60
10024,Verian,L'Hémicycle,938,2025-11-18,2025-11-20,1er,Intentions de vote au premier tour de l'élection présidentielle,BRUNO RETAILLEAU,7.50,5.80,9.20
10024,Verian,L'Hémicycle,938,2025-11-18,2025-11-20,1er,Intentions de vote au premier tour de l'élection présidentielle,EDOUARD PHILIPPE,17.00,14.60,19.40
10024,Verian,L'Hémicycle,938,2025-11-18,2025-11-20,1er,Intentions de vote au premier tour de l'élection présidentielle,ERIC ZEMMOUR,4.00,2.70,5.30
10024,Verian,L'Hémicycle,938,2025-11-18,2025-11-20,1er,Intentions de vote au premier tour de l'élection présidentielle,FABIEN ROUSSEL,3.00,1.90,4.10
10024,Verian,L'Hémicycle,938,2025-11-18,2025-11-20,1er,Intentions de vote au premier tour de l'élection présidentielle,JEAN-LUC MELENCHON,12.00,9.90,14.10
10024,Verian,L'Hémicycle,938,2025-11-18,2025-11-20,1er,Intentions de vote au premier tour de l'élection présidentielle,JORDAN BARDELLA,36.50,33.40,39.60
10024,Verian,L'Hémicycle,938,2025-11-18,2025-11-20,1er,Intentions de vote au premier tour de l'élection présidentielle,MARINE TONDELIER,5.00,3.60,6.40
10024,Verian,L'Hémicycle,938,2025-11-18,2025-11-20,1er,Intentions de vote au premier tour de l'élection présidentielle,NICOLAS DUPONT-AIGNAN,2.00,1.10,2.90
10024,Verian,L'Hémicycle,938,2025-11-18,2025-11-20,1er,Intentions de vote au premier tour de l'élection présidentielle,RAPHAEL GLUCKSMANN,13.00,10.80,15.20
10023,Odoxa,Public Sénat et la Presse Régionale,1206,2025-11-19,2025-11-20,1er,Gabriel Attal,BRUNO RETAILLEAU,10.00,8.30,11.70
10023,Odoxa,Public Sénat et la Presse Régionale,1206,2025-11-19,2025-11-20,1er,Gabriel Attal,ERIC ZEMMOUR,3.00,2.00,4.00
10023,Odoxa,Public Sénat et la Presse Régionale,1206,2025-11-19,2025-11-20,1er,Gabriel Attal,FABIEN ROUSSEL,3.00,2.00,4.00
10023,Odoxa,Public Sénat et la Presse Régionale,1206,2025-11-19,2025-11-20,1er,Gabriel Attal,GABRIEL ATTAL,11.00,9.20,12.80
10023,Odoxa,Public Sénat et la Presse Régionale,1206,2025-11-19,2025-11-20,1er,Gabriel Attal,JEAN-LUC MELENCHON,12.00,10.20,13.80
10023,Odoxa,Public Sénat et la Presse Régionale,1206,2025-11-19,2025-11-20,1er,Gabriel Attal,JORDAN BARDELLA,36.00,33.30,38.70
10023,Odoxa,Public Sénat et la Presse Régionale,1206,2025-11-19,2025-11-20,1er,Gabriel Attal,MARINE TONDELIER,6.50,5.10,7.90
10023,Odoxa,Public Sénat et la Presse Régionale,1206,2025-11-19,2025-11-20,1er,Gabriel Attal,NATHALIE ARTHAUD,1.00,0.40,1.60
10023,Odoxa,Public Sénat et la Presse Régionale,1206,2025-11-19,2025-11-20,1er,Gabriel Attal,NICOLAS DUPONT-AIGNAN,3.00,2.00,4.00
10023,Odoxa,Public Sénat et la Presse Régionale,1206,2025-11-19,2025-11-20,1er,Gabriel Attal,RAPHAEL GLUCKSMANN,14.50,12.50,16.50
10023,Odoxa,Public Sénat et la Presse Régionale,1206,2025-11-19,2025-11-20,1er,Edouard Philippe,BRUNO RETAILLEAU,8.00,6.50,9.50
10023,Odoxa,Public Sénat et la Presse Régionale,1206,2025-11-19,2025-11-20,1er,Edouard Philippe,EDOUARD PHILIPPE,17.00,14.90,19.10
10023,Odoxa,Public Sénat et la Presse Régionale,1206,2025-11-19,2025-11-20,1er,Edouard Philippe,ERIC ZEMMOUR,3.50,2.50,4.50
10023,Odoxa,Public Sénat et la Presse Régionale,1206,2025-11-19,2025-11-20,1er,Edouard Philippe,FABIEN ROUSSEL,3.00,2.00,4.00
10023,Odoxa,Public Sénat et la Presse Régionale,1206,2025-11-19,2025-11-20,1er,Edouard Philippe,JEAN-LUC MELENCHON,11.00,9.20,12.80
10023,Odoxa,Public Sénat et la Presse Régionale,1206,2025-11-19,2025-11-20,1er,Edouard Philippe,JORDAN BARDELLA,35.00,32.30,37.70
10023,Odoxa,Public Sénat et la Presse Régionale,1206,2025-11-19,2025-11-20,1er,Edouard Philippe,MARINE TONDELIER,6.00,4.70,7.30
10023,Odoxa,Public Sénat et la Presse Régionale,1206,2025-11-19,2025-11-20,1er,Edouard Philippe,NATHALIE ARTHAUD,1.00,0.40,1.60
10023,Odoxa,Public Sénat et la Presse Régionale,1206,2025-11-19,2025-11-20,1er,Edouard Philippe,NICOLAS DUPONT-AIGNAN,2.00,1.20,2.80
10023,Odoxa,Public Sénat et la Presse Régionale,1206,2025-11-19,2025-11-20,1er,Edouard Philippe,RAPHAEL GLUCKSMANN,13.50,11.60,15.40
10007,Elabe,"BFMTV, La Tribune Dimanche",1396,2025-10-30,2025-10-31,1er,Configuration 4,DOMINIQUE DE VILLEPIN,4.00,3.00,5.00
10007,Elabe,"BFMTV, La Tribune Dimanche",1396,2025-10-30,2025-10-31,1er,Configuration 4,FABIEN ROUSSEL,4.50,3.40,5.60
10007,Elabe,"BFMTV, La Tribune Dimanche",1396,2025-10-30,2025-10-31,1er,Configuration 4,JEAN-LUC MELENCHON,12.50,10.80,14.20
10007,Elabe,"BFMTV, La Tribune Dimanche",1396,2025-10-30,2025-10-31,1er,Configuration 4,JORDAN BARDELLA,36.50,34.00,39.00
10007,Elabe,"BFMTV, La Tribune Dimanche",1396,2025-10-30,2025-10-31,1er,Configuration 4,LAURENT WAUQUIEZ,3.00,2.10,3.90
10007,Elabe,"BFMTV, La Tribune Dimanche",1396,2025-10-30,2025-10-31,1er,Configuration 4,MARINE TONDELIER,5.50,4.30,6.70
10007,Elabe,"BFMTV, La Tribune Dimanche",1396,2025-10-30,2025-10-31,1er,Configuration 4,NICOLAS DUPONT-AIGNAN,2.00,1.30,2.70
10007,Elabe,"BFMTV, La Tribune Dimanche",1396,2025-10-30,2025-10-31,1er,Configuration 4,OLIVIER FAURE,5.50,4.30,6.70
10007,Elabe,"BFMTV, La Tribune Dimanche",1396,2025-10-30,2025-10-31,1er,Configuration 4,NATHALIE ARTHAUD,1.00,0.50,1.50
10007,Elabe,"BFMTV, La Tribune Dimanche",1396,2025-10-30,2025-10-31,1er,Configuration 4,SARAH KNAFO,6.00,4.80,7.20
10007,Elabe,"BFMTV, La Tribune Dimanche",1396,2025-10-30,2025-10-31,1er,Configuration 4,EDOUARD PHILIPPE,19.50,17.40,21.60
10007,Elabe,"BFMTV, La Tribune Dimanche",1396,2025-10-30,2025-10-31,1er,Configuration 5,DOMINIQUE DE VILLEPIN,4.00,3.00,5.00
10007,Elabe,"BFMTV, La Tribune Dimanche",1396,2025-10-30,2025-10-31,1er,Configuration 5,FABIEN ROUSSEL,3.00,2.10,3.90
10007,Elabe,"BFMTV, La Tribune Dimanche",1396,2025-10-30,2025-10-31,1er,Configuration 5,FRANCOIS HOLLANDE,6.50,5.20,7.80
10007,Elabe,"BFMTV, La Tribune Dimanche",1396,2025-10-30,2025-10-31,1er,Configuration 5,JEAN-LUC MELENCHON,12.00,10.30,13.70
10007,Elabe,"BFMTV, La Tribune Dimanche",1396,2025-10-30,2025-10-31,1er,Configuration 5,JORDAN BARDELLA,35.00,32.50,37.50
10007,Elabe,"BFMTV, La Tribune Dimanche",1396,2025-10-30,2025-10-31,1er,Configuration 5,MARINE TONDELIER,5.50,4.30,6.70
10007,Elabe,"BFMTV, La Tribune Dimanche",1396,2025-10-30,2025-10-31,1er,Configuration 5,NICOLAS DUPONT-AIGNAN,2.50,1.70,3.30
10007,Elabe,"BFMTV, La Tribune Dimanche",1396,2025-10-30,2025-10-31,1er,Configuration 5,NATHALIE ARTHAUD,1.00,0.50,1.50
10007,Elabe,"BFMTV, La Tribune Dimanche",1396,2025-10-30,2025-10-31,1er,Configuration 5,XAVIER BERTRAND,5.50,4.30,6.70
10007,Elabe,"BFMTV, La Tribune Dimanche",1396,2025-10-30,2025-10-31,1er,Configuration 5,EDOUARD PHILIPPE,19.00,16.90,21.10
10007,Elabe,"BFMTV, La Tribune Dimanche",1396,2025-10-30,2025-10-31,1er,Configuration 5,ERIC ZEMMOUR,6.00,4.80,7.20
10007,Elabe,"BFMTV, La Tribune Dimanche",1396,2025-10-30,2025-10-31,1er,Configuration 2,BRUNO RETAILLEAU,8.00,6.60,9.40
10007,Elabe,"BFMTV, La Tribune Dimanche",1396,2025-10-30,2025-10-31,1er,Configuration 2,DOMINIQUE DE VILLEPIN,4.00,3.00,5.00
10007,Elabe,"BFMTV, La Tribune Dimanche",1396,2025-10-30,2025-10-31,1er,Configuration 2,FABIEN ROUSSEL,3.00,2.10,3.90
10007,Elabe,"BFMTV, La Tribune Dimanche",1396,2025-10-30,2025-10-31,1er,Configuration 2,GABRIEL ATTAL,12.50,10.80,14.20
10007,Elabe,"BFMTV, La Tribune Dimanche",1396,2025-10-30,2025-10-31,1er,Configuration 2,JEAN-LUC MELENCHON,11.50,9.80,13.20
10007,Elabe,"BFMTV, La Tribune Dimanche",1396,2025-10-30,2025-10-31,1er,Configuration 2,MARINE LE PEN,34.00,31.50,36.50
10007,Elabe,"BFMTV, La Tribune Dimanche",1396,2025-10-30,2025-10-31,1er,Configuration 2,MARINE TONDELIER,4.50,3.40,5.60
10007,Elabe,"BFMTV, La Tribune Dimanche",1396,2025-10-30,2025-10-31,1er,Configuration 2,NICOLAS DUPONT-AIGNAN,2.50,1.70,3.30
10007,Elabe,"BFMTV, La Tribune Dimanche",1396,2025-10-30,2025-10-31,1er,Configuration 2,NATHALIE ARTHAUD,1.50,0.90,2.10
10007,Elabe,"BFMTV, La Tribune Dimanche",1396,2025-10-30,2025-10-31,1er,Configuration 2,RAPHAEL GLUCKSMANN,12.00,10.30,13.70
10007,Elabe,"BFMTV, La Tribune Dimanche",1396,2025-10-30,2025-10-31,1er,Configuration 2,SARAH KNAFO,6.50,5.20,7.80
10007,Elabe,"BFMTV, La Tribune Dimanche",1396,2025-10-30,2025-10-31,1er,Configuration 1,BRUNO RETAILLEAU,8.00,6.60,9.40
10007,Elabe,"BFMTV, La Tribune Dimanche",1396,2025-10-30,2025-10-31,1er,Configuration 1,DOMINIQUE DE VILLEPIN,3.00,2.10,3.90
10007,Elabe,"BFMTV, La Tribune Dimanche",1396,2025-10-30,2025-10-31,1er,Configuration 1,FABIEN ROUSSEL,3.00,2.10,3.90
10007,Elabe,"BFMTV, La Tribune Dimanche",1396,2025-10-30,2025-10-31,1er,Configuration 1,JEAN-LUC MELENCHON,12.50,10.80,14.20
10007,Elabe,"BFMTV, La Tribune Dimanche",1396,2025-10-30,2025-10-31,1er,Configuration 1,JORDAN BARDELLA,35.00,32.50,37.50
10007,Elabe,"BFMTV, La Tribune Dimanche",1396,2025-10-30,2025-10-31,1er,Configuration 1,MARINE TONDELIER,4.50,3.40,5.60
10007,Elabe,"BFMTV, La Tribune Dimanche",1396,2025-10-30,2025-10-31,1er,Configuration 1,NICOLAS DUPONT-AIGNAN,2.00,1.30,2.70
10007,Elabe,"BFMTV, La Tribune Dimanche",1396,2025-10-30,2025-10-31,1er,Configuration 1,NATHALIE ARTHAUD,1.00,0.50,1.50
10007,Elabe,"BFMTV, La Tribune Dimanche",1396,2025-10-30,2025-10-31,1er,Configuration 1,RAPHAEL GLUCKSMANN,11.00,9.40,12.60
10007,Elabe,"BFMTV, La Tribune Dimanche",1396,2025-10-30,2025-10-31,1er,Configuration 1,EDOUARD PHILIPPE,15.50,13.60,17.40
10007,Elabe,"BFMTV, La Tribune Dimanche",1396,2025-10-30,2025-10-31,1er,Configuration 1,ERIC ZEMMOUR,4.50,3.40,5.60
10007,Elabe,"BFMTV, La Tribune Dimanche",1396,2025-10-30,2025-10-31,1er,Configuration 3,BRUNO RETAILLEAU,8.50,7.00,10.00
10007,Elabe,"BFMTV, La Tribune Dimanche",1396,2025-10-30,2025-10-31,1er,Configuration 3,DOMINIQUE DE VILLEPIN,5.00,3.90,6.10
10007,Elabe,"BFMTV, La Tribune Dimanche",1396,2025-10-30,2025-10-31,1er,Configuration 3,FABIEN ROUSSEL,3.00,2.10,3.90
10007,Elabe,"BFMTV, La Tribune Dimanche",1396,2025-10-30,2025-10-31,1er,Configuration 3,GERALD DARMANIN,7.00,5.70,8.30
10007,Elabe,"BFMTV, La Tribune Dimanche",1396,2025-10-30,2025-10-31,1er,Configuration 3,JEAN-LUC MELENCHON,13.00,11.20,14.80
10007,Elabe,"BFMTV, La Tribune Dimanche",1396,2025-10-30,2025-10-31,1er,Configuration 3,JORDAN BARDELLA,37.50,35.00,40.00
10007,Elabe,"BFMTV, La Tribune Dimanche",1396,2025-10-30,2025-10-31,1er,Configuration 3,MARINE TONDELIER,5.00,3.90,6.10
10007,Elabe,"BFMTV, La Tribune Dimanche",1396,2025-10-30,2025-10-31,1er,Configuration 3,NICOLAS DUPONT-AIGNAN,2.00,1.30,2.70
10007,Elabe,"BFMTV, La Tribune Dimanche",1396,2025-10-30,2025-10-31,1er,Configuration 3,PHILIPPE DE VILLIERS,4.50,3.40,5.60
10007,Elabe,"BFMTV, La Tribune Dimanche",1396,2025-10-30,2025-10-31,1er,Configuration 3,NATHALIE ARTHAUD,1.50,0.90,2.10
10007,Elabe,"BFMTV, La Tribune Dimanche",1396,2025-10-30,2025-10-31,1er,Configuration 3,RAPHAEL GLUCKSMANN,13.00,11.20,14.80
9930,Ifop,Hexagone,9128,2025-04-11,2025-04-18,1er,Offre éclatée,BRUNO RETAILLEAU,7.5,7,8
9930,Ifop,Hexagone,9128,2025-04-11,2025-04-18,1er,Offre éclatée,DOMINIQUE DE VILLEPIN,2,1.7,2.3
9930,Ifop,Hexagone,9128,2025-04-11,2025-04-18,1er,Offre éclatée,EDOUARD PHILIPPE,15,14.3,15.7
9930,Ifop,Hexagone,9128,2025-04-11,2025-04-18,1er,Offre éclatée,FABIEN ROUSSEL,2.5,2.2,2.8
9930,Ifop,Hexagone,9128,2025-04-11,2025-04-18,1er,Offre éclatée,FRANCOIS RUFFIN,4.5,4.1,4.9
9930,Ifop,Hexagone,9128,2025-04-11,2025-04-18,1er,Offre éclatée,GABRIEL ATTAL,8,7.4,8.6
9930,Ifop,Hexagone,9128,2025-04-11,2025-04-18,1er,Offre éclatée,JEAN-LUC MELENCHON,10,9.4,10.6
9930,Ifop,Hexagone,9128,2025-04-11,2025-04-18,1er,Offre éclatée,JORDAN BARDELLA,32,31,33
9930,Ifop,Hexagone,9128,2025-04-11,2025-04-18,1er,Offre éclatée,MARINE TONDELIER,2,1.7,2.3
9930,Ifop,Hexagone,9128,2025-04-11,2025-04-18,1er,Offre éclatée,NATHALIE ARTHAUD,1,0.8,1.2
9930,Ifop,Hexagone,9128,2025-04-11,2025-04-18,1er,Offre éclatée,NICOLAS DUPONT-AIGNAN,2.5,2.2,2.8
9930,Ifop,Hexagone,9128,2025-04-11,2025-04-18,1er,Offre éclatée,RAPHAEL GLUCKSMANN,9,8.4,9.6
9930,Ifop,Hexagone,9128,2025-04-11,2025-04-18,1er,Offre éclatée,ERIC ZEMMOUR,4,3.6,4.4
9930,Ifop,Hexagone,9128,2025-04-11,2025-04-18,1er,hypothèse Edouard Philippe candidat bloc central et Bruno Retailleau,BRUNO RETAILLEAU,8,7.4,8.6
9930,Ifop,Hexagone,9128,2025-04-11,2025-04-18,1er,hypothèse Edouard Philippe candidat bloc central et Bruno Retailleau,EDOUARD PHILIPPE,22,21.2,22.8
9930,Ifop,Hexagone,9128,2025-04-11,2025-04-18,1er,hypothèse Edouard Philippe candidat bloc central et Bruno Retailleau,FABIEN ROUSSEL,2.5,2.2,2.8
9930,Ifop,Hexagone,9128,2025-04-11,2025-04-18,1er,hypothèse Edouard Philippe candidat bloc central et Bruno Retailleau,FRANCOIS RUFFIN,5,4.6,5.4
9930,Ifop,Hexagone,9128,2025-04-11,2025-04-18,1er,hypothèse Edouard Philippe candidat bloc central et Bruno Retailleau,JEAN-LUC MELENCHON,10,9.4,10.6
9930,Ifop,Hexagone,9128,2025-04-11,2025-04-18,1er,hypothèse Edouard Philippe candidat bloc central et Bruno Retailleau,JORDAN BARDELLA,33,32,34
9930,Ifop,Hexagone,9128,2025-04-11,2025-04-18,1er,hypothèse Edouard Philippe candidat bloc central et Bruno Retailleau,MARINE TONDELIER,2.5,2.2,2.8
9930,Ifop,Hexagone,9128,2025-04-11,2025-04-18,1er,hypothèse Edouard Philippe candidat bloc central et Bruno Retailleau,NATHALIE ARTHAUD,1,0.8,1.2
9930,Ifop,Hexagone,9128,2025-04-11,2025-04-18,1er,hypothèse Edouard Philippe candidat bloc central et Bruno Retailleau,NICOLAS DUPONT-AIGNAN,2,1.7,2.3
9930,Ifop,Hexagone,9128,2025-04-11,2025-04-18,1er,hypothèse Edouard Philippe candidat bloc central et Bruno Retailleau,RAPHAEL GLUCKSMANN,10,9.4,10.6
9930,Ifop,Hexagone,9128,2025-04-11,2025-04-18,1er,hypothèse Edouard Philippe candidat bloc central et Bruno Retailleau,ERIC ZEMMOUR,4,3.6,4.4
9930,Ifop,Hexagone,9128,2025-04-11,2025-04-18,1er,hypothèse Edouard Philippe candidat bloc central et Laurent Wauquiez,EDOUARD PHILIPPE,24,23.1,24.9
9930,Ifop,Hexagone,9128,2025-04-11,2025-04-18,1er,hypothèse Edouard Philippe candidat bloc central et Laurent Wauquiez,FABIEN ROUSSEL,2.5,2.2,2.8
9930,Ifop,Hexagone,9128,2025-04-11,2025-04-18,1er,hypothèse Edouard Philippe candidat bloc central et Laurent Wauquiez,FRANCOIS RUFFIN,5,4.6,5.4
9930,Ifop,Hexagone,9128,2025-04-11,2025-04-18,1er,hypothèse Edouard Philippe candidat bloc central et Laurent Wauquiez,JEAN-LUC MELENCHON,10,9.4,10.6
9930,Ifop,Hexagone,9128,2025-04-11,2025-04-18,1er,hypothèse Edouard Philippe candidat bloc central et Laurent Wauquiez,JORDAN BARDELLA,35,34,36
9930,Ifop,Hexagone,9128,2025-04-11,2025-04-18,1er,hypothèse Edouard Philippe candidat bloc central et Laurent Wauquiez,LAURENT WAUQUIEZ,3,2.7,3.3
9930,Ifop,Hexagone,9128,2025-04-11,2025-04-18,1er,hypothèse Edouard Philippe candidat bloc central et Laurent Wauquiez,MARINE TONDELIER,3,2.7,3.3
9930,Ifop,Hexagone,9128,2025-04-11,2025-04-18,1er,hypothèse Edouard Philippe candidat bloc central et Laurent Wauquiez,NATHALIE ARTHAUD,1,0.8,1.2
9930,Ifop,Hexagone,9128,2025-04-11,2025-04-18,1er,hypothèse Edouard Philippe candidat bloc central et Laurent Wauquiez,NICOLAS DUPONT-AIGNAN,2.5,2.2,2.8
9930,Ifop,Hexagone,9128,2025-04-11,2025-04-18,1er,hypothèse Edouard Philippe candidat bloc central et Laurent Wauquiez,RAPHAEL GLUCKSMANN,10,9.4,10.6
9930,Ifop,Hexagone,9128,2025-04-11,2025-04-18,1er,hypothèse Edouard Philippe candidat bloc central et Laurent Wauquiez,ERIC ZEMMOUR,4,3.6,4.4
9930,Ifop,Hexagone,9128,2025-04-11,2025-04-18,1er,hypothèse François Ruffin candidat unique gauche non LFI,BRUNO RETAILLEAU,10,9.4,10.6
9930,Ifop,Hexagone,9128,2025-04-11,2025-04-18,1er,hypothèse François Ruffin candidat unique gauche non LFI,EDOUARD PHILIPPE,26,25.1,26.9
9930,Ifop,Hexagone,9128,2025-04-11,2025-04-18,1er,hypothèse François Ruffin candidat unique gauche non LFI,FRANCOIS RUFFIN,10,9.4,10.6
9930,Ifop,Hexagone,9128,2025-04-11,2025-04-18,1er,hypothèse François Ruffin candidat unique gauche non LFI,JEAN-LUC MELENCHON,12,11.3,12.7
9930,Ifop,Hexagone,9128,2025-04-11,2025-04-18,1er,hypothèse François Ruffin candidat unique gauche non LFI,JORDAN BARDELLA,33,32,34
9930,Ifop,Hexagone,9128,2025-04-11,2025-04-18,1er,hypothèse François Ruffin candidat unique gauche non LFI,NATHALIE ARTHAUD,2,1.7,2.3
9930,Ifop,Hexagone,9128,2025-04-11,2025-04-18,1er,hypothèse François Ruffin candidat unique gauche non LFI,NICOLAS DUPONT-AIGNAN,3,2.7,3.3
9930,Ifop,Hexagone,9128,2025-04-11,2025-04-18,1er,hypothèse François Ruffin candidat unique gauche non LFI,ERIC ZEMMOUR,4,3.6,4.4
9930,Ifop,Hexagone,9128,2025-04-11,2025-04-18,1er,hypothèse Gabriel Attal candidat du bloc central et Bruno Retailleau,BRUNO RETAILLEAU,14,13.3,14.7
9930,Ifop,Hexagone,9128,2025-04-11,2025-04-18,1er,hypothèse Gabriel Attal candidat du bloc central et Bruno Retailleau,FABIEN ROUSSEL,2.5,2.2,2.8
9930,Ifop,Hexagone,9128,2025-04-11,2025-04-18,1er,hypothèse Gabriel Attal candidat du bloc central et Bruno Retailleau,FRANCOIS RUFFIN,5,4.6,5.4
9930,Ifop,Hexagone,9128,2025-04-11,2025-04-18,1er,hypothèse Gabriel Attal candidat du bloc central et Bruno Retailleau,GABRIEL ATTAL,14,13.3,14.7
9930,Ifop,Hexagone,9128,2025-04-11,2025-04-18,1er,hypothèse Gabriel Attal candidat du bloc central et Bruno Retailleau,JEAN-LUC MELENCHON,10,9.4,10.6
9930,Ifop,Hexagone,9128,2025-04-11,2025-04-18,1er,hypothèse Gabriel Attal candidat du bloc central et Bruno Retailleau,JORDAN BARDELLA,33,32,34
9930,Ifop,Hexagone,9128,2025-04-11,2025-04-18,1er,hypothèse Gabriel Attal candidat du bloc central et Bruno Retailleau,MARINE TONDELIER,3,2.7,3.3
9930,Ifop,Hexagone,9128,2025-04-11,2025-04-18,1er,hypothèse Gabriel Attal candidat du bloc central et Bruno Retailleau,NATHALIE ARTHAUD,1,0.8,1.2
9930,Ifop,Hexagone,9128,2025-04-11,2025-04-18,1er,hypothèse Gabriel Attal candidat du bloc central et Bruno Retailleau,NICOLAS DUPONT-AIGNAN,2,1.7,2.3
9930,Ifop,Hexagone,9128,2025-04-11,2025-04-18,1er,hypothèse Gabriel Attal candidat du bloc central et Bruno Retailleau,RAPHAEL GLUCKSMANN,11.5,10.8,12.2
9930,Ifop,Hexagone,9128,2025-04-11,2025-04-18,1er,hypothèse Gabriel Attal candidat du bloc central et Bruno Retailleau,ERIC ZEMMOUR,4,3.6,4.4
9930,Ifop,Hexagone,1838,2025-04-29,2025-04-30,1er,hypothèse Marine Le Pen candidate du RN et Bruno Retailleau,BRUNO RETAILLEAU,9,8.4,9.6
9930,Ifop,Hexagone,1838,2025-04-29,2025-04-30,1er,hypothèse Marine Le Pen candidate du RN et Bruno Retailleau,EDOUARD PHILIPPE,21,20.2,21.8
9930,Ifop,Hexagone,1838,2025-04-29,2025-04-30,1er,hypothèse Marine Le Pen candidate du RN et Bruno Retailleau,FABIEN ROUSSEL,2,1.7,2.3
9930,Ifop,Hexagone,1838,2025-04-29,2025-04-30,1er,hypothèse Marine Le Pen candidate du RN et Bruno Retailleau,FRANCOIS RUFFIN,5.5,5,6
9930,Ifop,Hexagone,1838,2025-04-29,2025-04-30,1er,hypothèse Marine Le Pen candidate du RN et Bruno Retailleau,JEAN-LUC MELENCHON,10,9.4,10.6
9930,Ifop,Hexagone,1838,2025-04-29,2025-04-30,1er,hypothèse Marine Le Pen candidate du RN et Bruno Retailleau,MARINE LE PEN,32,31,33
9930,Ifop,Hexagone,1838,2025-04-29,2025-04-30,1er,hypothèse Marine Le Pen candidate du RN et Bruno Retailleau,MARINE TONDELIER,4,3.6,4.4
9930,Ifop,Hexagone,1838,2025-04-29,2025-04-30,1er,hypothèse Marine Le Pen candidate du RN et Bruno Retailleau,NATHALIE ARTHAUD,0.5,0.4,0.6
9930,Ifop,Hexagone,1838,2025-04-29,2025-04-30,1er,hypothèse Marine Le Pen candidate du RN et Bruno Retailleau,NICOLAS DUPONT-AIGNAN,2,1.7,2.3
9930,Ifop,Hexagone,1838,2025-04-29,2025-04-30,1er,hypothèse Marine Le Pen candidate du RN et Bruno Retailleau,RAPHAEL GLUCKSMANN,10,9.4,10.6
9930,Ifop,Hexagone,1838,2025-04-29,2025-04-30,1er,hypothèse Marine Le Pen candidate du RN et Bruno Retailleau,ERIC ZEMMOUR,4,3.6,4.4
9930,Ifop,Hexagone,1838,2025-04-29,2025-04-30,1er,hypothèse Marine Le Pen candidate du RN et Laurent Wauquiez,EDOUARD PHILIPPE,23,22.1,23.9
9930,Ifop,Hexagone,1838,2025-04-29,2025-04-30,1er,hypothèse Marine Le Pen candidate du RN et Laurent Wauquiez,FABIEN ROUSSEL,2,1.7,2.3
9930,Ifop,Hexagone,1838,2025-04-29,2025-04-30,1er,hypothèse Marine Le Pen candidate du RN et Laurent Wauquiez,FRANCOIS RUFFIN,5,4.6,5.4
9930,Ifop,Hexagone,1838,2025-04-29,2025-04-30,1er,hypothèse Marine Le Pen candidate du RN et Laurent Wauquiez,JEAN-LUC MELENCHON,10,9.4,10.6
9930,Ifop,Hexagone,1838,2025-04-29,2025-04-30,1er,hypothèse Marine Le Pen candidate du RN et Laurent Wauquiez,LAURENT WAUQUIEZ,4,3.6,4.4
9930,Ifop,Hexagone,1838,2025-04-29,2025-04-30,1er,hypothèse Marine Le Pen candidate du RN et Laurent Wauquiez,MARINE LE PEN,34,33,35
9930,Ifop,Hexagone,1838,2025-04-29,2025-04-30,1er,hypothèse Marine Le Pen candidate du RN et Laurent Wauquiez,MARINE TONDELIER,4,3.6,4.4
9930,Ifop,Hexagone,1838,2025-04-29,2025-04-30,1er,hypothèse Marine Le Pen candidate du RN et Laurent Wauquiez,NATHALIE ARTHAUD,1,0.8,1.2
9930,Ifop,Hexagone,1838,2025-04-29,2025-04-30,1er,hypothèse Marine Le Pen candidate du RN et Laurent Wauquiez,NICOLAS DUPONT-AIGNAN,2,1.7,2.3
9930,Ifop,Hexagone,1838,2025-04-29,2025-04-30,1er,hypothèse Marine Le Pen candidate du RN et Laurent Wauquiez,RAPHAEL GLUCKSMANN,10,9.4,10.6
9930,Ifop,Hexagone,1838,2025-04-29,2025-04-30,1er,hypothèse Marine Le Pen candidate du RN et Laurent Wauquiez,ERIC ZEMMOUR,5,4.6,5.4
9930,Ifop,Hexagone,9128,2025-04-11,2025-04-18,1er,hypothèse Raphael Glucksmann candidat unique gauche non LFI,BRUNO RETAILLEAU,9,8.4,9.6
9930,Ifop,Hexagone,9128,2025-04-11,2025-04-18,1er,hypothèse Raphael Glucksmann candidat unique gauche non LFI,EDOUARD PHILIPPE,22,21.2,22.8
9930,Ifop,Hexagone,9128,2025-04-11,2025-04-18,1er,hypothèse Raphael Glucksmann candidat unique gauche non LFI,JEAN-LUC MELENCHON,13,12.3,13.7
9930,Ifop,Hexagone,9128,2025-04-11,2025-04-18,1er,hypothèse Raphael Glucksmann candidat unique gauche non LFI,JORDAN BARDELLA,33,32,34
9930,Ifop,Hexagone,9128,2025-04-11,2025-04-18,1er,hypothèse Raphael Glucksmann candidat unique gauche non LFI,NATHALIE ARTHAUD,1.5,1.3,1.7
9930,Ifop,Hexagone,9128,2025-04-11,2025-04-18,1er,hypothèse Raphael Glucksmann candidat unique gauche non LFI,NICOLAS DUPONT-AIGNAN,2.5,2.2,2.8
9930,Ifop,Hexagone,9128,2025-04-11,2025-04-18,1er,hypothèse Raphael Glucksmann candidat unique gauche non LFI,RAPHAEL GLUCKSMANN,15,14.3,15.7
9930,Ifop,Hexagone,9128,2025-04-11,2025-04-18,1er,hypothèse Raphael Glucksmann candidat unique gauche non LFI,ERIC ZEMMOUR,4,3.6,4.4
10246,Cluster17,Le Grand Continent,1404,2026-07-22,2026-07-24,1er,ITV 1er tour Hypothèse 1 (redressé),BRUNO RETAILLEAU,"7,8","6,4","9,2"
10246,Cluster17,Le Grand Continent,1404,2026-07-22,2026-07-24,1er,ITV 1er tour Hypothèse 1 (redressé),DOMINIQUE DE VILLEPIN,"2,9","2,0","3,8"
10246,Cluster17,Le Grand Continent,1404,2026-07-22,2026-07-24,1er,ITV 1er tour Hypothèse 1 (redressé),FABIEN ROUSSEL,"2,0","1,3","2,7"
10246,Cluster17,Le Grand Continent,1404,2026-07-22,2026-07-24,1er,ITV 1er tour Hypothèse 1 (redressé),JEAN-LUC MELENCHON,"18,2","16,2","20,2"
10246,Cluster17,Le Grand Continent,1404,2026-07-22,2026-07-24,1er,ITV 1er tour Hypothèse 1 (redressé),MARINE LE PEN,"30,1","27,7","32,5"
10246,Cluster17,Le Grand Continent,1404,2026-07-22,2026-07-24,1er,ITV 1er tour Hypothèse 1 (redressé),MARINE TONDELIER,"2,8","1,9","3,7"
10246,Cluster17,Le Grand Continent,1404,2026-07-22,2026-07-24,1er,ITV 1er tour Hypothèse 1 (redressé),NATHALIE ARTHAUD,"0,9","0,4","1,4"
10246,Cluster17,Le Grand Continent,1404,2026-07-22,2026-07-24,1er,ITV 1er tour Hypothèse 1 (redressé),NICOLAS DUPONT-AIGNAN,"3,2","2,3","4,1"
10246,Cluster17,Le Grand Continent,1404,2026-07-22,2026-07-24,1er,ITV 1er tour Hypothèse 1 (redressé),RAPHAEL GLUCKSMANN,"10,2","8,6","11,8"
10246,Cluster17,Le Grand Continent,1404,2026-07-22,2026-07-24,1er,ITV 1er tour Hypothèse 1 (redressé),EDOUARD PHILIPPE,"18,1","16,1","20,1"
10246,Cluster17,Le Grand Continent,1404,2026-07-22,2026-07-24,1er,ITV 1er tour Hypothèse 1 (redressé),ERIC ZEMMOUR,"3,8","2,8","4,8"
10246,Cluster17,Le Grand Continent,1404,2026-07-22,2026-07-24,1er,ITV 1er tour Hypothèse 2 (redressé),DOMINIQUE DE VILLEPIN,"3,9","2,9","4,9"
10246,Cluster17,Le Grand Continent,1404,2026-07-22,2026-07-24,1er,ITV 1er tour Hypothèse 2 (redressé),FABIEN ROUSSEL,"1,8","1,1","2,5"
10246,Cluster17,Le Grand Continent,1404,2026-07-22,2026-07-24,1er,ITV 1er tour Hypothèse 2 (redressé),GABRIEL ATTAL,"13,8","12,0","15,6"
10246,Cluster17,Le Grand Continent,1404,2026-07-22,2026-07-24,1er,ITV 1er tour Hypothèse 2 (redressé),JEAN-LUC MELENCHON,"18,3","16,3","20,3"
10246,Cluster17,Le Grand Continent,1404,2026-07-22,2026-07-24,1er,ITV 1er tour Hypothèse 2 (redressé),MARINE LE PEN,"29,9","27,5","32,3"
10246,Cluster17,Le Grand Continent,1404,2026-07-22,2026-07-24,1er,ITV 1er tour Hypothèse 2 (redressé),MARINE TONDELIER,"3,1","2,2","4,0"
10246,Cluster17,Le Grand Continent,1404,2026-07-22,2026-07-24,1er,ITV 1er tour Hypothèse 2 (redressé),NATHALIE ARTHAUD,"1,0","0,5","1,5"
10246,Cluster17,Le Grand Continent,1404,2026-07-22,2026-07-24,1er,ITV 1er tour Hypothèse 2 (redressé),NICOLAS DUPONT-AIGNAN,"4,0","3,0","5,0"
10246,Cluster17,Le Grand Continent,1404,2026-07-22,2026-07-24,1er,ITV 1er tour Hypothèse 2 (redressé),RAPHAEL GLUCKSMANN,"10,3","8,7","11,9"
10246,Cluster17,Le Grand Continent,1404,2026-07-22,2026-07-24,1er,ITV 1er tour Hypothèse 2 (redressé),ERIC ZEMMOUR,"4,2","3,2","5,2"
10251,Cluster17,Le Point,1628,2026-08-31,2026-09-01,1er,ITV 1er tour Hypothèse 1,BRUNO RETAILLEAU,"7,5","6,2","8,8"
10251,Cluster17,Le Point,1628,2026-08-31,2026-09-01,1er,ITV 1er tour Hypothèse 1,DOMINIQUE DE VILLEPIN,"3,2","2,3","4,1"
10251,Cluster17,Le Point,1628,2026-08-31,2026-09-01,1er,ITV 1er tour Hypothèse 1,FABIEN ROUSSEL,"2,1","1,4","2,8"
10251,Cluster17,Le Point,1628,2026-08-31,2026-09-01,1er,ITV 1er tour Hypothèse 1,JEAN-LUC MELENCHON,"17,9","16,0","19,8"
10251,Cluster17,Le Point,1628,2026-08-31,2026-09-01,1er,ITV 1er tour Hypothèse 1,MARINE LE PEN,"30,0","27,8","32,2"
10251,Cluster17,Le Point,1628,2026-08-31,2026-09-01,1er,ITV 1er tour Hypothèse 1,MARINE TONDELIER,"2,2","1,5","2,9"
10251,Cluster17,Le Point,1628,2026-08-31,2026-09-01,1er,ITV 1er tour Hypothèse 1,NATHALIE ARTHAUD,"0,9","0,4","1,4"
10251,Cluster17,Le Point,1628,2026-08-31,2026-09-01,1er,ITV 1er tour Hypothèse 1,NICOLAS DUPONT-AIGNAN,"2,9","2,1","3,7"
10251,Cluster17,Le Point,1628,2026-08-31,2026-09-01,1er,ITV 1er tour Hypothèse 1,RAPHAEL GLUCKSMANN,"11,6","10,0","13,2"
10251,Cluster17,Le Point,1628,2026-08-31,2026-09-01,1er,ITV 1er tour Hypothèse 1,EDOUARD PHILIPPE,"18,2","16,3","20,1"
10251,Cluster17,Le Point,1628,2026-08-31,2026-09-01,1er,ITV 1er tour Hypothèse 1,ERIC ZEMMOUR,"3,5","2,6","4,4"
10251,Cluster17,Le Point,1628,2026-08-31,2026-09-01,1er,ITV 1er tour Hypothèse 2,BRUNO RETAILLEAU,"8,9","7,5","10,3"
10251,Cluster17,Le Point,1628,2026-08-31,2026-09-01,1er,ITV 1er tour Hypothèse 2,DOMINIQUE DE VILLEPIN,"4,0","3,0","5,0"
10251,Cluster17,Le Point,1628,2026-08-31,2026-09-01,1er,ITV 1er tour Hypothèse 2,FABIEN ROUSSEL,"2,1","1,4","2,8"
10251,Cluster17,Le Point,1628,2026-08-31,2026-09-01,1er,ITV 1er tour Hypothèse 2,GABRIEL ATTAL,"13,5","11,8","15,2"
10251,Cluster17,Le Point,1628,2026-08-31,2026-09-01,1er,ITV 1er tour Hypothèse 2,JEAN-LUC MELENCHON,"18,2","16,3","20,1"
10251,Cluster17,Le Point,1628,2026-08-31,2026-09-01,1er,ITV 1er tour Hypothèse 2,MARINE LE PEN,"31,6","29,3","33,9"
10251,Cluster17,Le Point,1628,2026-08-31,2026-09-01,1er,ITV 1er tour Hypothèse 2,MARINE TONDELIER,"2,5","1,7","3,3"
10251,Cluster17,Le Point,1628,2026-08-31,2026-09-01,1er,ITV 1er tour Hypothèse 2,NATHALIE ARTHAUD,"0,9","0,4","1,4"
10251,Cluster17,Le Point,1628,2026-08-31,2026-09-01,1er,ITV 1er tour Hypothèse 2,NICOLAS DUPONT-AIGNAN,"2,8","2,0","3,6"
10251,Cluster17,Le Point,1628,2026-08-31,2026-09-01,1er,ITV 1er tour Hypothèse 2,RAPHAEL GLUCKSMANN,"11,5","10,0","13,0"
10251,Cluster17,Le Point,1628,2026-08-31,2026-09-01,1er,ITV 1er tour Hypothèse 2,ERIC ZEMMOUR,"4,0","3,0","5,0"
10251,Cluster17,Le Point,1628,2026-08-31,2026-09-01,1er,ITV 1er tour Hypothèse 3,BRUNO RETAILLEAU,"6,5","5,3","7,7"
10251,Cluster17,Le Point,1628,2026-08-31,2026-09-01,1er,ITV 1er tour Hypothèse 3,DAVID LISNARD,"4,2","3,2","5,2"
10251,Cluster17,Le Point,1628,2026-08-31,2026-09-01,1er,ITV 1er tour Hypothèse 3,DOMINIQUE DE VILLEPIN,"3,5","2,6","4,4"
10251,Cluster17,Le Point,1628,2026-08-31,2026-09-01,1er,ITV 1er tour Hypothèse 3,FABIEN ROUSSEL,"1,9","1,2","2,6"
10251,Cluster17,Le Point,1628,2026-08-31,2026-09-01,1er,ITV 1er tour Hypothèse 3,FRANCOIS RUFFIN,"3,9","3,0","4,8"
10251,Cluster17,Le Point,1628,2026-08-31,2026-09-01,1er,ITV 1er tour Hypothèse 3,JEAN-LUC MELENCHON,"16,9","15,1","18,7"
10251,Cluster17,Le Point,1628,2026-08-31,2026-09-01,1er,ITV 1er tour Hypothèse 3,MARINE LE PEN,"29,2","27,0","31,4"
10251,Cluster17,Le Point,1628,2026-08-31,2026-09-01,1er,ITV 1er tour Hypothèse 3,NATHALIE ARTHAUD,"0,8","0,4","1,2"
10251,Cluster17,Le Point,1628,2026-08-31,2026-09-01,1er,ITV 1er tour Hypothèse 3,NICOLAS DUPONT-AIGNAN,"2,2","1,5","2,9"
10251,Cluster17,Le Point,1628,2026-08-31,2026-09-01,1er,ITV 1er tour Hypothèse 3,RAPHAEL GLUCKSMANN,"10,8","9,3","12,3"
10251,Cluster17,Le Point,1628,2026-08-31,2026-09-01,1er,ITV 1er tour Hypothèse 3,EDOUARD PHILIPPE,"16,8","15,0","18,6"
10251,Cluster17,Le Point,1628,2026-08-31,2026-09-01,1er,ITV 1er tour Hypothèse 3,ERIC ZEMMOUR,"3,3","2,4","4,2"
10250,Ipsos,Le Parisien,1500,2026-08-31,2026-09-02,1er,Hypothèse : O. Faure et E. Philippe,BRUNO RETAILLEAU,"7,5","6,2","8,8"
10250,Ipsos,Le Parisien,1500,2026-08-31,2026-09-02,1er,Hypothèse : O. Faure et E. Philippe,EDOUARD PHILIPPE,"22,5","20,4","24,6"
10250,Ipsos,Le Parisien,1500,2026-08-31,2026-09-02,1er,Hypothèse : O. Faure et E. Philippe,ERIC ZEMMOUR,3,"2,1","3,9"
10250,Ipsos,Le Parisien,1500,2026-08-31,2026-09-02,1er,Hypothèse : O. Faure et E. Philippe,FABIEN ROUSSEL,"3,5","2,6","4,4"
10250,Ipsos,Le Parisien,1500,2026-08-31,2026-09-02,1er,Hypothèse : O. Faure et E. Philippe,JEAN-LUC MELENCHON,"16,5","14,6","18,4"
10250,Ipsos,Le Parisien,1500,2026-08-31,2026-09-02,1er,Hypothèse : O. Faure et E. Philippe,MARINE LE PEN,"34,5","32,1","36,9"
10250,Ipsos,Le Parisien,1500,2026-08-31,2026-09-02,1er,Hypothèse : O. Faure et E. Philippe,MARINE TONDELIER,5,"3,9","6,1"
10250,Ipsos,Le Parisien,1500,2026-08-31,2026-09-02,1er,Hypothèse : O. Faure et E. Philippe,NATHALIE ARTHAUD,1,"0,5","1,5"
10250,Ipsos,Le Parisien,1500,2026-08-31,2026-09-02,1er,Hypothèse : O. Faure et E. Philippe,NICOLAS DUPONT-AIGNAN,2,"1,3","2,7"
10250,Ipsos,Le Parisien,1500,2026-08-31,2026-09-02,1er,Hypothèse : O. Faure et E. Philippe,OLIVIER FAURE,"4,5","3,5","5,5"
10250,Ipsos,Le Parisien,1500,2026-08-31,2026-09-02,1er,Hypothèse : O. Faure et G. Attal,BRUNO RETAILLEAU,10,"8,5","11,5"
10250,Ipsos,Le Parisien,1500,2026-08-31,2026-09-02,1er,Hypothèse : O. Faure et G. Attal,ERIC ZEMMOUR,"3,5","2,6","4,4"
10250,Ipsos,Le Parisien,1500,2026-08-31,2026-09-02,1er,Hypothèse : O. Faure et G. Attal,FABIEN ROUSSEL,"3,5","2,6","4,4"
10250,Ipsos,Le Parisien,1500,2026-08-31,2026-09-02,1er,Hypothèse : O. Faure et G. Attal,GABRIEL ATTAL,"15,5","13,7","17,3"
10250,Ipsos,Le Parisien,1500,2026-08-31,2026-09-02,1er,Hypothèse : O. Faure et G. Attal,JEAN-LUC MELENCHON,17,"15,1","18,9"
10250,Ipsos,Le Parisien,1500,2026-08-31,2026-09-02,1er,Hypothèse : O. Faure et G. Attal,MARINE LE PEN,36,"33,6","38,4"
10250,Ipsos,Le Parisien,1500,2026-08-31,2026-09-02,1er,Hypothèse : O. Faure et G. Attal,MARINE TONDELIER,"5,5","4,3","6,7"
10250,Ipsos,Le Parisien,1500,2026-08-31,2026-09-02,1er,Hypothèse : O. Faure et G. Attal,NATHALIE ARTHAUD,1,"0,5","1,5"
10250,Ipsos,Le Parisien,1500,2026-08-31,2026-09-02,1er,Hypothèse : O. Faure et G. Attal,NICOLAS DUPONT-AIGNAN,"2,5","1,7","3,3"
10250,Ipsos,Le Parisien,1500,2026-08-31,2026-09-02,1er,Hypothèse : O. Faure et G. Attal,OLIVIER FAURE,"5,5","4,3","6,7"
10250,Ipsos,Le Parisien,1500,2026-08-31,2026-09-02,1er,"Hypothèse : O. Faure, G. Attal et E. Philippe",BRUNO RETAILLEAU,6,"4,8","7,2"
10250,Ipsos,Le Parisien,1500,2026-08-31,2026-09-02,1er,"Hypothèse : O. Faure, G. Attal et E. Philippe",EDOUARD PHILIPPE,"16,5","14,6","18,4"
10250,Ipsos,Le Parisien,1500,2026-08-31,2026-09-02,1er,"Hypothèse : O. Faure, G. Attal et E. Philippe",ERIC ZEMMOUR,3,"2,1","3,9"
10250,Ipsos,Le Parisien,1500,2026-08-31,2026-09-02,1er,"Hypothèse : O. Faure, G. Attal et E. Philippe",FABIEN ROUSSEL,3,"2,1","3,9"
10250,Ipsos,Le Parisien,1500,2026-08-31,2026-09-02,1er,"Hypothèse : O. Faure, G. Attal et E. Philippe",GABRIEL ATTAL,"8,5","7,1","9,9"
10250,Ipsos,Le Parisien,1500,2026-08-31,2026-09-02,1er,"Hypothèse : O. Faure, G. Attal et E. Philippe",JEAN-LUC MELENCHON,16,"14,1","17,9"
10250,Ipsos,Le Parisien,1500,2026-08-31,2026-09-02,1er,"Hypothèse : O. Faure, G. Attal et E. Philippe",MARINE LE PEN,"34,5","32,1","36,9"
10250,Ipsos,Le Parisien,1500,2026-08-31,2026-09-02,1er,"Hypothèse : O. Faure, G. Attal et E. Philippe",MARINE TONDELIER,5,"3,9","6,1"
10250,Ipsos,Le Parisien,1500,2026-08-31,2026-09-02,1er,"Hypothèse : O. Faure, G. Attal et E. Philippe",NATHALIE ARTHAUD,1,"0,5","1,5"
10250,Ipsos,Le Parisien,1500,2026-08-31,2026-09-02,1er,"Hypothèse : O. Faure, G. Attal et E. Philippe",NICOLAS DUPONT-AIGNAN,2,"1,3","2,7"
10250,Ipsos,Le Parisien,1500,2026-08-31,2026-09-02,1er,"Hypothèse : O. Faure, G. Attal et E. Philippe",OLIVIER FAURE,"4,5","3,5","5,5"
10250,Ipsos,Le Parisien,1500,2026-08-31,2026-09-02,1er,Hypothèse : R. Glucksmann et E. Philippe,BRUNO RETAILLEAU,"7,5","6,2","8,8"
10250,Ipsos,Le Parisien,1500,2026-08-31,2026-09-02,1er,Hypothèse : R. Glucksmann et E. Philippe,EDOUARD PHILIPPE,19,"17,0","21,0"
10250,Ipsos,Le Parisien,1500,2026-08-31,2026-09-02,1er,Hypothèse : R. Glucksmann et E. Philippe,ERIC ZEMMOUR,3,"2,1","3,9"
10250,Ipsos,Le Parisien,1500,2026-08-31,2026-09-02,1er,Hypothèse : R. Glucksmann et E. Philippe,FABIEN ROUSSEL,"2,5","1,7","3,3"
10250,Ipsos,Le Parisien,1500,2026-08-31,2026-09-02,1er,Hypothèse : R. Glucksmann et E. Philippe,JEAN-LUC MELENCHON,15,"13,2","16,8"
10250,Ipsos,Le Parisien,1500,2026-08-31,2026-09-02,1er,Hypothèse : R. Glucksmann et E. Philippe,MARINE LE PEN,"34,5","32,1","36,9"
10250,Ipsos,Le Parisien,1500,2026-08-31,2026-09-02,1er,Hypothèse : R. Glucksmann et E. Philippe,MARINE TONDELIER,4,"3,0","5,0"
10250,Ipsos,Le Parisien,1500,2026-08-31,2026-09-02,1er,Hypothèse : R. Glucksmann et E. Philippe,NATHALIE ARTHAUD,"0,5","0,1","0,9"
10250,Ipsos,Le Parisien,1500,2026-08-31,2026-09-02,1er,Hypothèse : R. Glucksmann et E. Philippe,NICOLAS DUPONT-AIGNAN,2,"1,3","2,7"
10250,Ipsos,Le Parisien,1500,2026-08-31,2026-09-02,1er,Hypothèse : R. Glucksmann et E. Philippe,RAPHAEL GLUCKSMANN,12,"10,4","13,6"
10250,Ipsos,Le Parisien,1500,2026-08-31,2026-09-02,1er,Hypothèse : R. Glucksmann et G. Attal,BRUNO RETAILLEAU,"9,5","8,0","11,0"
10250,Ipsos,Le Parisien,1500,2026-08-31,2026-09-02,1er,Hypothèse : R. Glucksmann et G. Attal,ERIC ZEMMOUR,3,"2,1","3,9"
10250,Ipsos,Le Parisien,1500,2026-08-31,2026-09-02,1er,Hypothèse : R. Glucksmann et G. Attal,FABIEN ROUSSEL,"2,5","1,7","3,3"
10250,Ipsos,Le Parisien,1500,2026-08-31,2026-09-02,1er,Hypothèse : R. Glucksmann et G. Attal,GABRIEL ATTAL,14,"12,2","15,8"
10250,Ipsos,Le Parisien,1500,2026-08-31,2026-09-02,1er,Hypothèse : R. Glucksmann et G. Attal,JEAN-LUC MELENCHON,15,"13,2","16,8"
10250,Ipsos,Le Parisien,1500,2026-08-31,2026-09-02,1er,Hypothèse : R. Glucksmann et G. Attal,MARINE LE PEN,35,"32,6","37,4"
10250,Ipsos,Le Parisien,1500,2026-08-31,2026-09-02,1er,Hypothèse : R. Glucksmann et G. Attal,MARINE TONDELIER,4,"3,0","5,0"
10250,Ipsos,Le Parisien,1500,2026-08-31,2026-09-02,1er,Hypothèse : R. Glucksmann et G. Attal,NATHALIE ARTHAUD,"0,5","0,1","0,9"
10250,Ipsos,Le Parisien,1500,2026-08-31,2026-09-02,1er,Hypothèse : R. Glucksmann et G. Attal,NICOLAS DUPONT-AIGNAN,"2,5","1,7","3,3"
10250,Ipsos,Le Parisien,1500,2026-08-31,2026-09-02,1er,Hypothèse : R. Glucksmann et G. Attal,RAPHAEL GLUCKSMANN,14,"12,2","15,8"
10250,Ipsos,Le Parisien,1500,2026-08-31,2026-09-02,1er,"Hypothèse : R. Glucksmann, G. Attal et E. Philippe",BRUNO RETAILLEAU,6,"4,8","7,2"
10250,Ipsos,Le Parisien,1500,2026-08-31,2026-09-02,1er,"Hypothèse : R. Glucksmann, G. Attal et E. Philippe",EDOUARD PHILIPPE,"14,5","12,7","16,3"
10250,Ipsos,Le Parisien,1500,2026-08-31,2026-09-02,1er,"Hypothèse : R. Glucksmann, G. Attal et E. Philippe",ERIC ZEMMOUR,3,"2,1","3,9"
10250,Ipsos,Le Parisien,1500,2026-08-31,2026-09-02,1er,"Hypothèse : R. Glucksmann, G. Attal et E. Philippe",FABIEN ROUSSEL,"2,5","1,7","3,3"
10250,Ipsos,Le Parisien,1500,2026-08-31,2026-09-02,1er,"Hypothèse : R. Glucksmann, G. Attal et E. Philippe",GABRIEL ATTAL,"7,5","6,2","8,8"
10250,Ipsos,Le Parisien,1500,2026-08-31,2026-09-02,1er,"Hypothèse : R. Glucksmann, G. Attal et E. Philippe",JEAN-LUC MELENCHON,15,"13,2","16,8"
10250,Ipsos,Le Parisien,1500,2026-08-31,2026-09-02,1er,"Hypothèse : R. Glucksmann, G. Attal et E. Philippe",MARINE LE PEN,34,"31,6","36,4"
10250,Ipsos,Le Parisien,1500,2026-08-31,2026-09-02,1er,"Hypothèse : R. Glucksmann, G. Attal et E. Philippe",MARINE TONDELIER,"3,5","2,6","4,4"
10250,Ipsos,Le Parisien,1500,2026-08-31,2026-09-02,1er,"Hypothèse : R. Glucksmann, G. Attal et E. Philippe",NATHALIE ARTHAUD,"0,5","0,1","0,9"
10250,Ipsos,Le Parisien,1500,2026-08-31,2026-09-02,1er,"Hypothèse : R. Glucksmann, G. Attal et E. Philippe",NICOLAS DUPONT-AIGNAN,2,"1,3","2,7"
10250,Ipsos,Le Parisien,1500,2026-08-31,2026-09-02,1er,"Hypothèse : R. Glucksmann, G. Attal et E. Philippe",RAPHAEL GLUCKSMANN,"11,5","9,9","13,1"
10252,OpinionWay,JDD,929,2026-09-02,2026-09-03,1er,Hypothèse 1 : Gabriel Attal candidat du centre,BRUNO RETAILLEAU,11,"9,0","13,0"
10252,OpinionWay,JDD,929,2026-09-02,2026-09-03,1er,Hypothèse 1 : Gabriel Attal candidat du centre,ERIC ZEMMOUR,3,"1,9","4,1"
10252,OpinionWay,JDD,929,2026-09-02,2026-09-03,1er,Hypothèse 1 : Gabriel Attal candidat du centre,FABIEN ROUSSEL,3,"1,9","4,1"
10252,OpinionWay,JDD,929,2026-09-02,2026-09-03,1er,Hypothèse 1 : Gabriel Attal candidat du centre,GABRIEL ATTAL,13,"10,8","15,2"
10252,OpinionWay,JDD,929,2026-09-02,2026-09-03,1er,Hypothèse 1 : Gabriel Attal candidat du centre,JEAN-LUC MELENCHON,17,"14,6","19,4"
10252,OpinionWay,JDD,929,2026-09-02,2026-09-03,1er,Hypothèse 1 : Gabriel Attal candidat du centre,MARINE LE PEN,35,"31,9","38,1"
10252,OpinionWay,JDD,929,2026-09-02,2026-09-03,1er,Hypothèse 1 : Gabriel Attal candidat du centre,MARINE TONDELIER,4,"2,7","5,3"
10252,OpinionWay,JDD,929,2026-09-02,2026-09-03,1er,Hypothèse 1 : Gabriel Attal candidat du centre,NATHALIE ARTHAUD,1,"0,4","1,6"
10252,OpinionWay,JDD,929,2026-09-02,2026-09-03,1er,Hypothèse 1 : Gabriel Attal candidat du centre,RAPHAEL GLUCKSMANN,13,"10,8","15,2"
10252,OpinionWay,JDD,929,2026-09-02,2026-09-03,1er,Hypothèse 2 : Édouard Philippe candidat du centre,BRUNO RETAILLEAU,8,"6,3","9,7"
10252,OpinionWay,JDD,929,2026-09-02,2026-09-03,1er,Hypothèse 2 : Édouard Philippe candidat du centre,EDOUARD PHILIPPE,20,"17,4","22,6"
10252,OpinionWay,JDD,929,2026-09-02,2026-09-03,1er,Hypothèse 2 : Édouard Philippe candidat du centre,ERIC ZEMMOUR,3,"1,9","4,1"
10252,OpinionWay,JDD,929,2026-09-02,2026-09-03,1er,Hypothèse 2 : Édouard Philippe candidat du centre,FABIEN ROUSSEL,3,"1,9","4,1"
10252,OpinionWay,JDD,929,2026-09-02,2026-09-03,1er,Hypothèse 2 : Édouard Philippe candidat du centre,JEAN-LUC MELENCHON,16,"13,6","18,4"
10252,OpinionWay,JDD,929,2026-09-02,2026-09-03,1er,Hypothèse 2 : Édouard Philippe candidat du centre,MARINE LE PEN,33,"30,0","36,0"
10252,OpinionWay,JDD,929,2026-09-02,2026-09-03,1er,Hypothèse 2 : Édouard Philippe candidat du centre,MARINE TONDELIER,4,"2,7","5,3"
10252,OpinionWay,JDD,929,2026-09-02,2026-09-03,1er,Hypothèse 2 : Édouard Philippe candidat du centre,NATHALIE ARTHAUD,1,"0,4","1,6"
10252,OpinionWay,JDD,929,2026-09-02,2026-09-03,1er,Hypothèse 2 : Édouard Philippe candidat du centre,RAPHAEL GLUCKSMANN,12,"9,9","14,1"
10252,OpinionWay,JDD,929,2026-09-02,2026-09-03,1er,Hypothèse 3 : Gabriel Attal et Édouard Philippe candidats,BRUNO RETAILLEAU,7,"5,4","8,6"
10252,OpinionWay,JDD,929,2026-09-02,2026-09-03,1er,Hypothèse 3 : Gabriel Attal et Édouard Philippe candidats,EDOUARD PHILIPPE,15,"12,7","17,3"
10252,OpinionWay,JDD,929,2026-09-02,2026-09-03,1er,Hypothèse 3 : Gabriel Attal et Édouard Philippe candidats,ERIC ZEMMOUR,3,"1,9","4,1"
10252,OpinionWay,JDD,929,2026-09-02,2026-09-03,1er,Hypothèse 3 : Gabriel Attal et Édouard Philippe candidats,FABIEN ROUSSEL,2,"1,1","2,9"
10252,OpinionWay,JDD,929,2026-09-02,2026-09-03,1er,Hypothèse 3 : Gabriel Attal et Édouard Philippe candidats,GABRIEL ATTAL,7,"5,4","8,6"
10252,OpinionWay,JDD,929,2026-09-02,2026-09-03,1er,Hypothèse 3 : Gabriel Attal et Édouard Philippe candidats,JEAN-LUC MELENCHON,17,"14,6","19,4"
10252,OpinionWay,JDD,929,2026-09-02,2026-09-03,1er,Hypothèse 3 : Gabriel Attal et Édouard Philippe candidats,MARINE LE PEN,34,"31,0","37,0"
10252,OpinionWay,JDD,929,2026-09-02,2026-09-03,1er,Hypothèse 3 : Gabriel Attal et Édouard Philippe candidats,MARINE TONDELIER,3,"1,9","4,1"
10252,OpinionWay,JDD,929,2026-09-02,2026-09-03,1er,Hypothèse 3 : Gabriel Attal et Édouard Philippe candidats,NATHALIE ARTHAUD,1,"0,4","1,6"
10252,OpinionWay,JDD,929,2026-09-02,2026-09-03,1er,Hypothèse 3 : Gabriel Attal et Édouard Philippe candidats,RAPHAEL GLUCKSMANN,11,"9,0","13,0"
10262,Ipsos,Le Monde,13060,2026-09-03,2026-09-09,1er,"Hypothèse : O. Faure, E. Philippe",BRUNO RETAILLEAU,"7,5","7,0","8,0"
10262,Ipsos,Le Monde,13060,2026-09-03,2026-09-09,1er,"Hypothèse : O. Faure, E. Philippe",EDOUARD PHILIPPE,21,"20,3","21,7"
10262,Ipsos,Le Monde,13060,2026-09-03,2026-09-09,1er,"Hypothèse : O. Faure, E. Philippe",ERIC ZEMMOUR,4,"3,7","4,3"
10262,Ipsos,Le Monde,13060,2026-09-03,2026-09-09,1er,"Hypothèse : O. Faure, E. Philippe",FABIEN ROUSSEL,"3,5","3,2","3,8"
10262,Ipsos,Le Monde,13060,2026-09-03,2026-09-09,1er,"Hypothèse : O. Faure, E. Philippe",JEAN-LUC MELENCHON,"16,5","15,9","17,1"
10262,Ipsos,Le Monde,13060,2026-09-03,2026-09-09,1er,"Hypothèse : O. Faure, E. Philippe",MARINE LE PEN,"34,5","33,7","35,3"
10262,Ipsos,Le Monde,13060,2026-09-03,2026-09-09,1er,"Hypothèse : O. Faure, E. Philippe",MARINE TONDELIER,"5,5","5,1","5,9"
10262,Ipsos,Le Monde,13060,2026-09-03,2026-09-09,1er,"Hypothèse : O. Faure, E. Philippe",NATHALIE ARTHAUD,"0,5","0,4","0,6"
10262,Ipsos,Le Monde,13060,2026-09-03,2026-09-09,1er,"Hypothèse : O. Faure, E. Philippe",NICOLAS DUPONT-AIGNAN,2,"1,8","2,2"
10262,Ipsos,Le Monde,13060,2026-09-03,2026-09-09,1er,"Hypothèse : O. Faure, E. Philippe",OLIVIER FAURE,5,"4,6","5,4"
10262,Ipsos,Le Monde,13060,2026-09-03,2026-09-09,1er,"Hypothèse : O. Faure, G. Attal",BRUNO RETAILLEAU,"10,5","10,0","11,0"
10262,Ipsos,Le Monde,13060,2026-09-03,2026-09-09,1er,"Hypothèse : O. Faure, G. Attal",ERIC ZEMMOUR,"4,5","4,1","4,9"
10262,Ipsos,Le Monde,13060,2026-09-03,2026-09-09,1er,"Hypothèse : O. Faure, G. Attal",FABIEN ROUSSEL,"3,5","3,2","3,8"
10262,Ipsos,Le Monde,13060,2026-09-03,2026-09-09,1er,"Hypothèse : O. Faure, G. Attal",GABRIEL ATTAL,"15,5","14,9","16,1"
10262,Ipsos,Le Monde,13060,2026-09-03,2026-09-09,1er,"Hypothèse : O. Faure, G. Attal",JEAN-LUC MELENCHON,17,"16,4","17,6"
10262,Ipsos,Le Monde,13060,2026-09-03,2026-09-09,1er,"Hypothèse : O. Faure, G. Attal",MARINE LE PEN,35,"34,2","35,8"
10262,Ipsos,Le Monde,13060,2026-09-03,2026-09-09,1er,"Hypothèse : O. Faure, G. Attal",MARINE TONDELIER,"5,5","5,1","5,9"
10262,Ipsos,Le Monde,13060,2026-09-03,2026-09-09,1er,"Hypothèse : O. Faure, G. Attal",NATHALIE ARTHAUD,"0,5","0,4","0,6"
10262,Ipsos,Le Monde,13060,2026-09-03,2026-09-09,1er,"Hypothèse : O. Faure, G. Attal",NICOLAS DUPONT-AIGNAN,"2,5","2,2","2,8"
10262,Ipsos,Le Monde,13060,2026-09-03,2026-09-09,1er,"Hypothèse : O. Faure, G. Attal",OLIVIER FAURE,"5,5","5,1","5,9"
10262,Ipsos,Le Monde,13060,2026-09-03,2026-09-09,1er,"Hypothèse : O. Faure, G. Attal, E. Philippe",BRUNO RETAILLEAU,7,"6,6","7,4"
10262,Ipsos,Le Monde,13060,2026-09-03,2026-09-09,1er,"Hypothèse : O. Faure, G. Attal, E. Philippe",EDOUARD PHILIPPE,16,"15,4","16,6"
10262,Ipsos,Le Monde,13060,2026-09-03,2026-09-09,1er,"Hypothèse : O. Faure, G. Attal, E. Philippe",ERIC ZEMMOUR,4,"3,7","4,3"
10262,Ipsos,Le Monde,13060,2026-09-03,2026-09-09,1er,"Hypothèse : O. Faure, G. Attal, E. Philippe",FABIEN ROUSSEL,3,"2,7","3,3"
10262,Ipsos,Le Monde,13060,2026-09-03,2026-09-09,1er,"Hypothèse : O. Faure, G. Attal, E. Philippe",GABRIEL ATTAL,"7,5","7,0","8,0"
10262,Ipsos,Le Monde,13060,2026-09-03,2026-09-09,1er,"Hypothèse : O. Faure, G. Attal, E. Philippe",JEAN-LUC MELENCHON,"16,5","15,9","17,1"
10262,Ipsos,Le Monde,13060,2026-09-03,2026-09-09,1er,"Hypothèse : O. Faure, G. Attal, E. Philippe",MARINE LE PEN,34,"33,2","34,8"
10262,Ipsos,Le Monde,13060,2026-09-03,2026-09-09,1er,"Hypothèse : O. Faure, G. Attal, E. Philippe",MARINE TONDELIER,5,"4,6","5,4"
10262,Ipsos,Le Monde,13060,2026-09-03,2026-09-09,1er,"Hypothèse : O. Faure, G. Attal, E. Philippe",NATHALIE ARTHAUD,"0,5","0,4","0,6"
10262,Ipsos,Le Monde,13060,2026-09-03,2026-09-09,1er,"Hypothèse : O. Faure, G. Attal, E. Philippe",NICOLAS DUPONT-AIGNAN,2,"1,8","2,2"
10262,Ipsos,Le Monde,13060,2026-09-03,2026-09-09,1er,"Hypothèse : O. Faure, G. Attal, E. Philippe",OLIVIER FAURE,"4,5","4,1","4,9"
10262,Ipsos,Le Monde,13060,2026-09-03,2026-09-09,1er,"Hypothèse : R. Glucksmann, E. Philippe",BRUNO RETAILLEAU,8,"7,5","8,5"
10262,Ipsos,Le Monde,13060,2026-09-03,2026-09-09,1er,"Hypothèse : R. Glucksmann, E. Philippe",EDOUARD PHILIPPE,"17,5","16,8","18,2"
10262,Ipsos,Le Monde,13060,2026-09-03,2026-09-09,1er,"Hypothèse : R. Glucksmann, E. Philippe",ERIC ZEMMOUR,4,"3,7","4,3"
10262,Ipsos,Le Monde,13060,2026-09-03,2026-09-09,1er,"Hypothèse : R. Glucksmann, E. Philippe",FABIEN ROUSSEL,"2,5","2,2","2,8"
10262,Ipsos,Le Monde,13060,2026-09-03,2026-09-09,1er,"Hypothèse : R. Glucksmann, E. Philippe",JEAN-LUC MELENCHON,"15,5","14,9","16,1"
10262,Ipsos,Le Monde,13060,2026-09-03,2026-09-09,1er,"Hypothèse : R. Glucksmann, E. Philippe",MARINE LE PEN,"33,5","32,7","34,3"
10262,Ipsos,Le Monde,13060,2026-09-03,2026-09-09,1er,"Hypothèse : R. Glucksmann, E. Philippe",MARINE TONDELIER,4,"3,7","4,3"
10262,Ipsos,Le Monde,13060,2026-09-03,2026-09-09,1er,"Hypothèse : R. Glucksmann, E. Philippe",NATHALIE ARTHAUD,"0,5","0,4","0,6"
10262,Ipsos,Le Monde,13060,2026-09-03,2026-09-09,1er,"Hypothèse : R. Glucksmann, E. Philippe",NICOLAS DUPONT-AIGNAN,2,"1,8","2,2"
10262,Ipsos,Le Monde,13060,2026-09-03,2026-09-09,1er,"Hypothèse : R. Glucksmann, E. Philippe",RAPHAEL GLUCKSMANN,"12,5","11,9","13,1"
10262,Ipsos,Le Monde,13060,2026-09-03,2026-09-09,1er,"Hypothèse : R. Glucksmann, G. Attal",BRUNO RETAILLEAU,10,"9,5","10,5"
10262,Ipsos,Le Monde,13060,2026-09-03,2026-09-09,1er,"Hypothèse : R. Glucksmann, G. Attal",ERIC ZEMMOUR,"4,5","4,1","4,9"
10262,Ipsos,Le Monde,13060,2026-09-03,2026-09-09,1er,"Hypothèse : R. Glucksmann, G. Attal",FABIEN ROUSSEL,"2,5","2,2","2,8"
10262,Ipsos,Le Monde,13060,2026-09-03,2026-09-09,1er,"Hypothèse : R. Glucksmann, G. Attal",GABRIEL ATTAL,13,"12,4","13,6"
10262,Ipsos,Le Monde,13060,2026-09-03,2026-09-09,1er,"Hypothèse : R. Glucksmann, G. Attal",JEAN-LUC MELENCHON,"15,5","14,9","16,1"
10262,Ipsos,Le Monde,13060,2026-09-03,2026-09-09,1er,"Hypothèse : R. Glucksmann, G. Attal",MARINE LE PEN,34,"33,2","34,8"
10262,Ipsos,Le Monde,13060,2026-09-03,2026-09-09,1er,"Hypothèse : R. Glucksmann, G. Attal",MARINE TONDELIER,"4,5","4,1","4,9"
10262,Ipsos,Le Monde,13060,2026-09-03,2026-09-09,1er,"Hypothèse : R. Glucksmann, G. Attal",NATHALIE ARTHAUD,"0,5","0,4","0,6"
10262,Ipsos,Le Monde,13060,2026-09-03,2026-09-09,1er,"Hypothèse : R. Glucksmann, G. Attal",NICOLAS DUPONT-AIGNAN,2,"1,8","2,2"
10262,Ipsos,Le Monde,13060,2026-09-03,2026-09-09,1er,"Hypothèse : R. Glucksmann, G. Attal",RAPHAEL GLUCKSMANN,"13,5","12,9","14,1"
10262,Ipsos,Le Monde,13060,2026-09-03,2026-09-09,1er,"Hypothèse : R. Glucksmann, G. Attal, E. Philippe",BRUNO RETAILLEAU,7,"6,6","7,4"
10262,Ipsos,Le Monde,13060,2026-09-03,2026-09-09,1er,"Hypothèse : R. Glucksmann, G. Attal, E. Philippe",EDOUARD PHILIPPE,14,"13,4","14,6"
10262,Ipsos,Le Monde,13060,2026-09-03,2026-09-09,1er,"Hypothèse : R. Glucksmann, G. Attal, E. Philippe",ERIC ZEMMOUR,4,"3,7","4,3"
10262,Ipsos,Le Monde,13060,2026-09-03,2026-09-09,1er,"Hypothèse : R. Glucksmann, G. Attal, E. Philippe",FABIEN ROUSSEL,"2,5","2,2","2,8"
10262,Ipsos,Le Monde,13060,2026-09-03,2026-09-09,1er,"Hypothèse : R. Glucksmann, G. Attal, E. Philippe",GABRIEL ATTAL,6,"5,6","6,4"
10262,Ipsos,Le Monde,13060,2026-09-03,2026-09-09,1er,"Hypothèse : R. Glucksmann, G. Attal, E. Philippe",JEAN-LUC MELENCHON,"15,5","14,9","16,1"
10262,Ipsos,Le Monde,13060,2026-09-03,2026-09-09,1er,"Hypothèse : R. Glucksmann, G. Attal, E. Philippe",MARINE LE PEN,33,"32,2","33,8"
10262,Ipsos,Le Monde,13060,2026-09-03,2026-09-09,1er,"Hypothèse : R. Glucksmann, G. Attal, E. Philippe",MARINE TONDELIER,4,"3,7","4,3"
10262,Ipsos,Le Monde,13060,2026-09-03,2026-09-09,1er,"Hypothèse : R. Glucksmann, G. Attal, E. Philippe",NATHALIE ARTHAUD,"0,5","0,4","0,6"
10262,Ipsos,Le Monde,13060,2026-09-03,2026-09-09,1er,"Hypothèse : R. Glucksmann, G. Attal, E. Philippe",NICOLAS DUPONT-AIGNAN,2,"1,8","2,2"
10262,Ipsos,Le Monde,13060,2026-09-03,2026-09-09,1er,"Hypothèse : R. Glucksmann, G. Attal, E. Philippe",RAPHAEL GLUCKSMANN,"11,5","11,0","12,0"
10260,OpinionWay,CNews,935,2026-09-09,2026-09-10,1er,Hypothèse 1 : François Hollande candidat socialiste,BRUNO RETAILLEAU,7,"5,4","8,6"
10260,OpinionWay,CNews,935,2026-09-09,2026-09-10,1er,Hypothèse 1 : François Hollande candidat socialiste,DAVID LISNARD,2,"1,1","2,9"
10260,OpinionWay,CNews,935,2026-09-09,2026-09-10,1er,Hypothèse 1 : François Hollande candidat socialiste,FABIEN ROUSSEL,3,"1,9","4,1"
10260,OpinionWay,CNews,935,2026-09-09,2026-09-10,1er,Hypothèse 1 : François Hollande candidat socialiste,FRANCOIS HOLLANDE,7,"5,4","8,6"
10260,OpinionWay,CNews,935,2026-09-09,2026-09-10,1er,Hypothèse 1 : François Hollande candidat socialiste,GABRIEL ATTAL,8,"6,3","9,7"
10260,OpinionWay,CNews,935,2026-09-09,2026-09-10,1er,Hypothèse 1 : François Hollande candidat socialiste,JEAN-LUC MELENCHON,16,"13,7","18,3"
10260,OpinionWay,CNews,935,2026-09-09,2026-09-10,1er,Hypothèse 1 : François Hollande candidat socialiste,KARIM BOUAMRANE,1,"0,4","1,6"
10260,OpinionWay,CNews,935,2026-09-09,2026-09-10,1er,Hypothèse 1 : François Hollande candidat socialiste,MARINE LE PEN,32,"29,0","35,0"
10260,OpinionWay,CNews,935,2026-09-09,2026-09-10,1er,Hypothèse 1 : François Hollande candidat socialiste,MARINE TONDELIER,3,"1,9","4,1"
10260,OpinionWay,CNews,935,2026-09-09,2026-09-10,1er,Hypothèse 1 : François Hollande candidat socialiste,NATHALIE ARTHAUD,1,"0,4","1,6"
10260,OpinionWay,CNews,935,2026-09-09,2026-09-10,1er,Hypothèse 1 : François Hollande candidat socialiste,NICOLAS DUPONT-AIGNAN,2,"1,1","2,9"
10260,OpinionWay,CNews,935,2026-09-09,2026-09-10,1er,Hypothèse 1 : François Hollande candidat socialiste,EDOUARD PHILIPPE,16,"13,7","18,3"
10260,OpinionWay,CNews,935,2026-09-09,2026-09-10,1er,Hypothèse 1 : François Hollande candidat socialiste,ERIC ZEMMOUR,2,"1,1","2,9"
10260,OpinionWay,CNews,935,2026-09-09,2026-09-10,1er,Hypothèse 2 : Ségolène Royal candidate socialiste,BRUNO RETAILLEAU,7,"5,4","8,6"
10260,OpinionWay,CNews,935,2026-09-09,2026-09-10,1er,Hypothèse 2 : Ségolène Royal candidate socialiste,DAVID LISNARD,2,"1,1","2,9"
10260,OpinionWay,CNews,935,2026-09-09,2026-09-10,1er,Hypothèse 2 : Ségolène Royal candidate socialiste,FABIEN ROUSSEL,4,"2,7","5,3"
10260,OpinionWay,CNews,935,2026-09-09,2026-09-10,1er,Hypothèse 2 : Ségolène Royal candidate socialiste,GABRIEL ATTAL,8,"6,3","9,7"
10260,OpinionWay,CNews,935,2026-09-09,2026-09-10,1er,Hypothèse 2 : Ségolène Royal candidate socialiste,JEAN-LUC MELENCHON,17,"14,6","19,4"
10260,OpinionWay,CNews,935,2026-09-09,2026-09-10,1er,Hypothèse 2 : Ségolène Royal candidate socialiste,KARIM BOUAMRANE,1,"0,4","1,6"
10260,OpinionWay,CNews,935,2026-09-09,2026-09-10,1er,Hypothèse 2 : Ségolène Royal candidate socialiste,MARINE LE PEN,33,"30,0","36,0"
10260,OpinionWay,CNews,935,2026-09-09,2026-09-10,1er,Hypothèse 2 : Ségolène Royal candidate socialiste,MARINE TONDELIER,3,"1,9","4,1"
10260,OpinionWay,CNews,935,2026-09-09,2026-09-10,1er,Hypothèse 2 : Ségolène Royal candidate socialiste,NATHALIE ARTHAUD,1,"0,4","1,6"
10260,OpinionWay,CNews,935,2026-09-09,2026-09-10,1er,Hypothèse 2 : Ségolène Royal candidate socialiste,NICOLAS DUPONT-AIGNAN,3,"1,9","4,1"
10260,OpinionWay,CNews,935,2026-09-09,2026-09-10,1er,Hypothèse 2 : Ségolène Royal candidate socialiste,SEGOLENE ROYAL,3,"1,9","4,1"
10260,OpinionWay,CNews,935,2026-09-09,2026-09-10,1er,Hypothèse 2 : Ségolène Royal candidate socialiste,EDOUARD PHILIPPE,16,"13,7","18,3"
10260,OpinionWay,CNews,935,2026-09-09,2026-09-10,1er,Hypothèse 2 : Ségolène Royal candidate socialiste,ERIC ZEMMOUR,2,"1,1","2,9"
10260,OpinionWay,CNews,935,2026-09-09,2026-09-10,1er,Hypothèse 3 : Raphaël Glucksmann candidat socialiste,BRUNO RETAILLEAU,7,"5,4","8,6"
10260,OpinionWay,CNews,935,2026-09-09,2026-09-10,1er,Hypothèse 3 : Raphaël Glucksmann candidat socialiste,DAVID LISNARD,2,"1,1","2,9"
10260,OpinionWay,CNews,935,2026-09-09,2026-09-10,1er,Hypothèse 3 : Raphaël Glucksmann candidat socialiste,FABIEN ROUSSEL,2,"1,1","2,9"
10260,OpinionWay,CNews,935,2026-09-09,2026-09-10,1er,Hypothèse 3 : Raphaël Glucksmann candidat socialiste,GABRIEL ATTAL,7,"5,4","8,6"
10260,OpinionWay,CNews,935,2026-09-09,2026-09-10,1er,Hypothèse 3 : Raphaël Glucksmann candidat socialiste,JEAN-LUC MELENCHON,17,"14,6","19,4"
10260,OpinionWay,CNews,935,2026-09-09,2026-09-10,1er,Hypothèse 3 : Raphaël Glucksmann candidat socialiste,MARINE LE PEN,34,"31,0","37,0"
10260,OpinionWay,CNews,935,2026-09-09,2026-09-10,1er,Hypothèse 3 : Raphaël Glucksmann candidat socialiste,MARINE TONDELIER,3,"1,9","4,1"
10260,OpinionWay,CNews,935,2026-09-09,2026-09-10,1er,Hypothèse 3 : Raphaël Glucksmann candidat socialiste,NICOLAS DUPONT-AIGNAN,2,"1,1","2,9"
10260,OpinionWay,CNews,935,2026-09-09,2026-09-10,1er,Hypothèse 3 : Raphaël Glucksmann candidat socialiste,RAPHAEL GLUCKSMANN,9,"7,2","10,8"
10260,OpinionWay,CNews,935,2026-09-09,2026-09-10,1er,Hypothèse 3 : Raphaël Glucksmann candidat socialiste,EDOUARD PHILIPPE,15,"12,7","17,3"
10260,OpinionWay,CNews,935,2026-09-09,2026-09-10,1er,Hypothèse 3 : Raphaël Glucksmann candidat socialiste,ERIC ZEMMOUR,2,"1,1","2,9"
10263,Toluna,M6 & RTL,2052,2026-09-08,2026-09-10,1er,Hypothèse François Hollande et Gabriel Attal,BRUNO RETAILLEAU,10,"8,7","11,3"
10263,Toluna,M6 & RTL,2052,2026-09-08,2026-09-10,1er,Hypothèse François Hollande et Gabriel Attal,FABIEN ROUSSEL,3,"2,3","3,7"
10263,Toluna,M6 & RTL,2052,2026-09-08,2026-09-10,1er,Hypothèse François Hollande et Gabriel Attal,FRANCOIS HOLLANDE,7,"5,9","8,1"
10263,Toluna,M6 & RTL,2052,2026-09-08,2026-09-10,1er,Hypothèse François Hollande et Gabriel Attal,GABRIEL ATTAL,15,"13,5","16,5"
10263,Toluna,M6 & RTL,2052,2026-09-08,2026-09-10,1er,Hypothèse François Hollande et Gabriel Attal,JEAN-LUC MELENCHON,17,"15,4","18,6"
10263,Toluna,M6 & RTL,2052,2026-09-08,2026-09-10,1er,Hypothèse François Hollande et Gabriel Attal,MARINE LE PEN,36,"33,9","38,1"
10263,Toluna,M6 & RTL,2052,2026-09-08,2026-09-10,1er,Hypothèse François Hollande et Gabriel Attal,MARINE TONDELIER,4,"3,2","4,8"
10263,Toluna,M6 & RTL,2052,2026-09-08,2026-09-10,1er,Hypothèse François Hollande et Gabriel Attal,NATHALIE ARTHAUD,1,"0,6","1,4"
10263,Toluna,M6 & RTL,2052,2026-09-08,2026-09-10,1er,Hypothèse François Hollande et Gabriel Attal,NICOLAS DUPONT-AIGNAN,2,"1,4","2,6"
10263,Toluna,M6 & RTL,2052,2026-09-08,2026-09-10,1er,Hypothèse François Hollande et Gabriel Attal,ERIC ZEMMOUR,5,"4,1","5,9"
10263,Toluna,M6 & RTL,2052,2026-09-08,2026-09-10,1er,Hypothèse François Hollande et Édouard Philippe,BRUNO RETAILLEAU,9,"7,8","10,2"
10263,Toluna,M6 & RTL,2052,2026-09-08,2026-09-10,1er,Hypothèse François Hollande et Édouard Philippe,FABIEN ROUSSEL,3,"2,3","3,7"
10263,Toluna,M6 & RTL,2052,2026-09-08,2026-09-10,1er,Hypothèse François Hollande et Édouard Philippe,FRANCOIS HOLLANDE,7,"5,9","8,1"
10263,Toluna,M6 & RTL,2052,2026-09-08,2026-09-10,1er,Hypothèse François Hollande et Édouard Philippe,JEAN-LUC MELENCHON,17,"15,4","18,6"
10263,Toluna,M6 & RTL,2052,2026-09-08,2026-09-10,1er,Hypothèse François Hollande et Édouard Philippe,MARINE LE PEN,33,"31,0","35,0"
10263,Toluna,M6 & RTL,2052,2026-09-08,2026-09-10,1er,Hypothèse François Hollande et Édouard Philippe,MARINE TONDELIER,4,"3,2","4,8"
10263,Toluna,M6 & RTL,2052,2026-09-08,2026-09-10,1er,Hypothèse François Hollande et Édouard Philippe,NATHALIE ARTHAUD,1,"0,6","1,4"
10263,Toluna,M6 & RTL,2052,2026-09-08,2026-09-10,1er,Hypothèse François Hollande et Édouard Philippe,NICOLAS DUPONT-AIGNAN,2,"1,4","2,6"
10263,Toluna,M6 & RTL,2052,2026-09-08,2026-09-10,1er,Hypothèse François Hollande et Édouard Philippe,EDOUARD PHILIPPE,19,"17,3","20,7"
10263,Toluna,M6 & RTL,2052,2026-09-08,2026-09-10,1er,Hypothèse François Hollande et Édouard Philippe,ERIC ZEMMOUR,5,"4,1","5,9"
10263,Toluna,M6 & RTL,2052,2026-09-08,2026-09-10,1er,Hypothèse Raphaël Glucksmann et Gabriel Attal,BRUNO RETAILLEAU,9,"7,8","10,2"
10263,Toluna,M6 & RTL,2052,2026-09-08,2026-09-10,1er,Hypothèse Raphaël Glucksmann et Gabriel Attal,FABIEN ROUSSEL,2,"1,4","2,6"
10263,Toluna,M6 & RTL,2052,2026-09-08,2026-09-10,1er,Hypothèse Raphaël Glucksmann et Gabriel Attal,GABRIEL ATTAL,14,"12,5","15,5"
10263,Toluna,M6 & RTL,2052,2026-09-08,2026-09-10,1er,Hypothèse Raphaël Glucksmann et Gabriel Attal,JEAN-LUC MELENCHON,17,"15,4","18,6"
10263,Toluna,M6 & RTL,2052,2026-09-08,2026-09-10,1er,Hypothèse Raphaël Glucksmann et Gabriel Attal,MARINE LE PEN,35,"32,9","37,1"
10263,Toluna,M6 & RTL,2052,2026-09-08,2026-09-10,1er,Hypothèse Raphaël Glucksmann et Gabriel Attal,MARINE TONDELIER,3,"2,3","3,7"
10263,Toluna,M6 & RTL,2052,2026-09-08,2026-09-10,1er,Hypothèse Raphaël Glucksmann et Gabriel Attal,NATHALIE ARTHAUD,1,"0,6","1,4"
10263,Toluna,M6 & RTL,2052,2026-09-08,2026-09-10,1er,Hypothèse Raphaël Glucksmann et Gabriel Attal,NICOLAS DUPONT-AIGNAN,2,"1,4","2,6"
10263,Toluna,M6 & RTL,2052,2026-09-08,2026-09-10,1er,Hypothèse Raphaël Glucksmann et Gabriel Attal,RAPHAEL GLUCKSMANN,12,"10,6","13,4"
10263,Toluna,M6 & RTL,2052,2026-09-08,2026-09-10,1er,Hypothèse Raphaël Glucksmann et Gabriel Attal,ERIC ZEMMOUR,5,"4,1","5,9"
10263,Toluna,M6 & RTL,2052,2026-09-08,2026-09-10,1er,Hypothèse Raphaël Glucksmann et Édouard Philippe,BRUNO RETAILLEAU,7,"5,9","8,1"
10263,Toluna,M6 & RTL,2052,2026-09-08,2026-09-10,1er,Hypothèse Raphaël Glucksmann et Édouard Philippe,FABIEN ROUSSEL,3,"2,3","3,7"
10263,Toluna,M6 & RTL,2052,2026-09-08,2026-09-10,1er,Hypothèse Raphaël Glucksmann et Édouard Philippe,JEAN-LUC MELENCHON,17,"15,4","18,6"
10263,Toluna,M6 & RTL,2052,2026-09-08,2026-09-10,1er,Hypothèse Raphaël Glucksmann et Édouard Philippe,MARINE LE PEN,34,"32,0","36,0"
10263,Toluna,M6 & RTL,2052,2026-09-08,2026-09-10,1er,Hypothèse Raphaël Glucksmann et Édouard Philippe,MARINE TONDELIER,3,"2,3","3,7"
10263,Toluna,M6 & RTL,2052,2026-09-08,2026-09-10,1er,Hypothèse Raphaël Glucksmann et Édouard Philippe,NATHALIE ARTHAUD,1,"0,6","1,4"
10263,Toluna,M6 & RTL,2052,2026-09-08,2026-09-10,1er,Hypothèse Raphaël Glucksmann et Édouard Philippe,NICOLAS DUPONT-AIGNAN,3,"2,3","3,7"
10263,Toluna,M6 & RTL,2052,2026-09-08,2026-09-10,1er,Hypothèse Raphaël Glucksmann et Édouard Philippe,RAPHAEL GLUCKSMANN,10,"8,7","11,3"
10263,Toluna,M6 & RTL,2052,2026-09-08,2026-09-10,1er,Hypothèse Raphaël Glucksmann et Édouard Philippe,EDOUARD PHILIPPE,17,"15,4","18,6"
10263,Toluna,M6 & RTL,2052,2026-09-08,2026-09-10,1er,Hypothèse Raphaël Glucksmann et Édouard Philippe,ERIC ZEMMOUR,5,"4,1","5,9"
10263,Toluna,M6 & RTL,2052,2026-09-08,2026-09-10,1er,"Hypothèse Raphaël Glucksmann, Gabriel Attal et Édouard Philippe",BRUNO RETAILLEAU,7,"5,9","8,1"
10263,Toluna,M6 & RTL,2052,2026-09-08,2026-09-10,1er,"Hypothèse Raphaël Glucksmann, Gabriel Attal et Édouard Philippe",FABIEN ROUSSEL,2,"1,4","2,6"
10263,Toluna,M6 & RTL,2052,2026-09-08,2026-09-10,1er,"Hypothèse Raphaël Glucksmann, Gabriel Attal et Édouard Philippe",GABRIEL ATTAL,8,"6,8","9,2"
10263,Toluna,M6 & RTL,2052,2026-09-08,2026-09-10,1er,"Hypothèse Raphaël Glucksmann, Gabriel Attal et Édouard Philippe",JEAN-LUC MELENCHON,16,"14,4","17,6"
10263,Toluna,M6 & RTL,2052,2026-09-08,2026-09-10,1er,"Hypothèse Raphaël Glucksmann, Gabriel Attal et Édouard Philippe",MARINE LE PEN,33,"31,0","35,0"
10263,Toluna,M6 & RTL,2052,2026-09-08,2026-09-10,1er,"Hypothèse Raphaël Glucksmann, Gabriel Attal et Édouard Philippe",MARINE TONDELIER,3,"2,3","3,7"
10263,Toluna,M6 & RTL,2052,2026-09-08,2026-09-10,1er,"Hypothèse Raphaël Glucksmann, Gabriel Attal et Édouard Philippe",NATHALIE ARTHAUD,1,"0,6","1,4"
10263,Toluna,M6 & RTL,2052,2026-09-08,2026-09-10,1er,"Hypothèse Raphaël Glucksmann, Gabriel Attal et Édouard Philippe",NICOLAS DUPONT-AIGNAN,2,"1,4","2,6"
10263,Toluna,M6 & RTL,2052,2026-09-08,2026-09-10,1er,"Hypothèse Raphaël Glucksmann, Gabriel Attal et Édouard Philippe",RAPHAEL GLUCKSMANN,9,"7,8","10,2"
10263,Toluna,M6 & RTL,2052,2026-09-08,2026-09-10,1er,"Hypothèse Raphaël Glucksmann, Gabriel Attal et Édouard Philippe",EDOUARD PHILIPPE,14,"12,5","15,5"
10263,Toluna,M6 & RTL,2052,2026-09-08,2026-09-10,1er,"Hypothèse Raphaël Glucksmann, Gabriel Attal et Édouard Philippe",ERIC ZEMMOUR,5,"4,1","5,9"
10259,OpinionWay,Les Echos / Radio Classique,948,2026-09-08,2026-09-09,1er,Hypothèse 1 : Gabriel Attal et Edouard Philippe candidats du centre,BRUNO RETAILLEAU,8,"6,3","9,7"
10259,OpinionWay,Les Echos / Radio Classique,948,2026-09-08,2026-09-09,1er,Hypothèse 1 : Gabriel Attal et Edouard Philippe candidats du centre,EDOUARD PHILIPPE,15,"12,7","17,3"
10259,OpinionWay,Les Echos / Radio Classique,948,2026-09-08,2026-09-09,1er,Hypothèse 1 : Gabriel Attal et Edouard Philippe candidats du centre,ERIC ZEMMOUR,4,"31,0","37,0"
10259,OpinionWay,Les Echos / Radio Classique,948,2026-09-08,2026-09-09,1er,Hypothèse 1 : Gabriel Attal et Edouard Philippe candidats du centre,FABIEN ROUSSEL,2,"1,1","2,9"
10259,OpinionWay,Les Echos / Radio Classique,948,2026-09-08,2026-09-09,1er,Hypothèse 1 : Gabriel Attal et Edouard Philippe candidats du centre,GABRIEL ATTAL,8,"6,3","9,7"
10259,OpinionWay,Les Echos / Radio Classique,948,2026-09-08,2026-09-09,1er,Hypothèse 1 : Gabriel Attal et Edouard Philippe candidats du centre,JEAN-LUC MELENCHON,15,"12,7","17,3"
10259,OpinionWay,Les Echos / Radio Classique,948,2026-09-08,2026-09-09,1er,Hypothèse 1 : Gabriel Attal et Edouard Philippe candidats du centre,MARINE LE PEN,34,"2,8","5,2"
10259,OpinionWay,Les Echos / Radio Classique,948,2026-09-08,2026-09-09,1er,Hypothèse 1 : Gabriel Attal et Edouard Philippe candidats du centre,MARINE TONDELIER,3,"1,9","4,1"
10259,OpinionWay,Les Echos / Radio Classique,948,2026-09-08,2026-09-09,1er,Hypothèse 1 : Gabriel Attal et Edouard Philippe candidats du centre,NICOLAS DUPONT-AIGNAN,2,"1,1","2,9"
10259,OpinionWay,Les Echos / Radio Classique,948,2026-09-08,2026-09-09,1er,Hypothèse 1 : Gabriel Attal et Edouard Philippe candidats du centre,RAPHAEL GLUCKSMANN,9,"7,2","10,8"
10259,OpinionWay,Les Echos / Radio Classique,948,2026-09-08,2026-09-09,1er,Hypothèse 2 : Gabriel Attal candidat du centre,BRUNO RETAILLEAU,12,"9,9","14,1"
10259,OpinionWay,Les Echos / Radio Classique,948,2026-09-08,2026-09-09,1er,Hypothèse 2 : Gabriel Attal candidat du centre,FABIEN ROUSSEL,2,"1,1","2,9"
10259,OpinionWay,Les Echos / Radio Classique,948,2026-09-08,2026-09-09,1er,Hypothèse 2 : Gabriel Attal candidat du centre,GABRIEL ATTAL,14,"11,8","16,2"
10259,OpinionWay,Les Echos / Radio Classique,948,2026-09-08,2026-09-09,1er,Hypothèse 2 : Gabriel Attal candidat du centre,JEAN-LUC MELENCHON,15,"12,7","17,3"
10259,OpinionWay,Les Echos / Radio Classique,948,2026-09-08,2026-09-09,1er,Hypothèse 2 : Gabriel Attal candidat du centre,MARINE LE PEN,34,"31,0","37,0"
10259,OpinionWay,Les Echos / Radio Classique,948,2026-09-08,2026-09-09,1er,Hypothèse 2 : Gabriel Attal candidat du centre,MARINE TONDELIER,4,"2,8","5,2"
10259,OpinionWay,Les Echos / Radio Classique,948,2026-09-08,2026-09-09,1er,Hypothèse 2 : Gabriel Attal candidat du centre,NATHALIE ARTHAUD,1,"0,4","1,6"
10259,OpinionWay,Les Echos / Radio Classique,948,2026-09-08,2026-09-09,1er,Hypothèse 2 : Gabriel Attal candidat du centre,NICOLAS DUPONT-AIGNAN,2,"1,1","2,9"
10259,OpinionWay,Les Echos / Radio Classique,948,2026-09-08,2026-09-09,1er,Hypothèse 2 : Gabriel Attal candidat du centre,RAPHAEL GLUCKSMANN,12,"9,9","14,1"
10259,OpinionWay,Les Echos / Radio Classique,948,2026-09-08,2026-09-09,1er,Hypothèse 2 : Gabriel Attal candidat du centre,ERIC ZEMMOUR,4,"2,8","5,2"
10259,OpinionWay,Les Echos / Radio Classique,948,2026-09-08,2026-09-09,1er,Hypothèse 3 : Édouard Philippe candidat du centre,BRUNO RETAILLEAU,10,"8,1","11,9"
10259,OpinionWay,Les Echos / Radio Classique,948,2026-09-08,2026-09-09,1er,Hypothèse 3 : Édouard Philippe candidat du centre,EDOUARD PHILIPPE,19,"16,5","21,5"
10259,OpinionWay,Les Echos / Radio Classique,948,2026-09-08,2026-09-09,1er,Hypothèse 3 : Édouard Philippe candidat du centre,FABIEN ROUSSEL,1,"0,4","1,6"
10259,OpinionWay,Les Echos / Radio Classique,948,2026-09-08,2026-09-09,1er,Hypothèse 3 : Édouard Philippe candidat du centre,JEAN-LUC MELENCHON,15,"12,7","17,3"
10259,OpinionWay,Les Echos / Radio Classique,948,2026-09-08,2026-09-09,1er,Hypothèse 3 : Édouard Philippe candidat du centre,MARINE LE PEN,34,"31,0","37,0"
10259,OpinionWay,Les Echos / Radio Classique,948,2026-09-08,2026-09-09,1er,Hypothèse 3 : Édouard Philippe candidat du centre,MARINE TONDELIER,3,"1,9","4,1"
10259,OpinionWay,Les Echos / Radio Classique,948,2026-09-08,2026-09-09,1er,Hypothèse 3 : Édouard Philippe candidat du centre,NATHALIE ARTHAUD,1,"0,4","1,6"
10259,OpinionWay,Les Echos / Radio Classique,948,2026-09-08,2026-09-09,1er,Hypothèse 3 : Édouard Philippe candidat du centre,NICOLAS DUPONT-AIGNAN,3,"1,9","4,1"
10259,OpinionWay,Les Echos / Radio Classique,948,2026-09-08,2026-09-09,1er,Hypothèse 3 : Édouard Philippe candidat du centre,RAPHAEL GLUCKSMANN,10,"8,1","11,9"
10259,OpinionWay,Les Echos / Radio Classique,948,2026-09-08,2026-09-09,1er,Hypothèse 3 : Édouard Philippe candidat du centre,ERIC ZEMMOUR,4,"2,8","5,2"
10264,OpinionWay,Sébastien Bonnal,951,2026-09-02,2026-09-04,1er,Intention de vote au premier tour de l'élection présidentielle,BRUNO RETAILLEAU,7,"5,4","8,6"
10264,OpinionWay,Sébastien Bonnal,951,2026-09-02,2026-09-04,1er,Intention de vote au premier tour de l'élection présidentielle,FABIEN ROUSSEL,2,"1,1","2,9"
10264,OpinionWay,Sébastien Bonnal,951,2026-09-02,2026-09-04,1er,Intention de vote au premier tour de l'élection présidentielle,GABRIEL ATTAL,7,"5,4","8,6"
10264,OpinionWay,Sébastien Bonnal,951,2026-09-02,2026-09-04,1er,Intention de vote au premier tour de l'élection présidentielle,JEAN-LUC MELENCHON,16,"13,7","18,3"
10264,OpinionWay,Sébastien Bonnal,951,2026-09-02,2026-09-04,1er,Intention de vote au premier tour de l'élection présidentielle,MARINE LE PEN,34,"31,0","37,0"
10264,OpinionWay,Sébastien Bonnal,951,2026-09-02,2026-09-04,1er,Intention de vote au premier tour de l'élection présidentielle,MARINE TONDELIER,3,"1,9","4,1"
10264,OpinionWay,Sébastien Bonnal,951,2026-09-02,2026-09-04,1er,Intention de vote au premier tour de l'élection présidentielle,NATHALIE ARTHAUD,1,"0,4","1,6"
10264,OpinionWay,Sébastien Bonnal,951,2026-09-02,2026-09-04,1er,Intention de vote au premier tour de l'élection présidentielle,RAPHAEL GLUCKSMANN,12,"9,9","14,1"
10264,OpinionWay,Sébastien Bonnal,951,2026-09-02,2026-09-04,1er,Intention de vote au premier tour de l'élection présidentielle,EDOUARD PHILIPPE,15,"12,7","17,3"
10264,OpinionWay,Sébastien Bonnal,951,2026-09-02,2026-09-04,1er,Intention de vote au premier tour de l'élection présidentielle,ERIC ZEMMOUR,3,"1,9","4,1"
10246,Cluster17,Le Grand Continent,1404,2026-07-22,2026-07-24,2nd,Bruno Retailleau / Marine Le Pen,BRUNO RETAILLEAU,"42,9","40,3","45,5"
10246,Cluster17,Le Grand Continent,1404,2026-07-22,2026-07-24,2nd,Bruno Retailleau / Marine Le Pen,MARINE LE PEN,"57,1","54,5","59,7"
10246,Cluster17,Le Grand Continent,1404,2026-07-22,2026-07-24,2nd,Edouard Philippe / Marine Le Pen,EDOUARD PHILIPPE,"48,2","45,6","50,8"
10246,Cluster17,Le Grand Continent,1404,2026-07-22,2026-07-24,2nd,Edouard Philippe / Marine Le Pen,MARINE LE PEN,"51,8","49,2","54,4"
10246,Cluster17,Le Grand Continent,1404,2026-07-22,2026-07-24,2nd,Gabriel Attal / Marine Le Pen,GABRIEL ATTAL,"43,8","41,2","46,4"
10246,Cluster17,Le Grand Continent,1404,2026-07-22,2026-07-24,2nd,Gabriel Attal / Marine Le Pen,MARINE LE PEN,"56,2","53,6","58,8"
10246,Cluster17,Le Grand Continent,1404,2026-07-22,2026-07-24,2nd,Jean-Luc Mélenchon / Marine Le Pen,JEAN-LUC MELENCHON,"39,2","36,6","41,8"
10246,Cluster17,Le Grand Continent,1404,2026-07-22,2026-07-24,2nd,Jean-Luc Mélenchon / Marine Le Pen,MARINE LE PEN,"60,8","58,2","63,4"
10246,Cluster17,Le Grand Continent,1404,2026-07-22,2026-07-24,2nd,Raphaël Glucksmann / Marine Le Pen,MARINE LE PEN,"55,9","53,3","58,5"
10246,Cluster17,Le Grand Continent,1404,2026-07-22,2026-07-24,2nd,Raphaël Glucksmann / Marine Le Pen,RAPHAEL GLUCKSMANN,"44,1","41,5","46,7"
10166,Elabe,"BFMTV, La Tribune Dimanche",1422,2026-03-25,2026-03-27,2nd,Bruno RETAILLEAU / Jordan BARDELLA,BRUNO RETAILLEAU,42,"39,4","44,6"
10166,Elabe,"BFMTV, La Tribune Dimanche",1422,2026-03-25,2026-03-27,2nd,Bruno RETAILLEAU / Jordan BARDELLA,JORDAN BARDELLA,58,"55,4","60,6"
10166,Elabe,"BFMTV, La Tribune Dimanche",1422,2026-03-25,2026-03-27,2nd,Edouard PHILIPPE / Jordan BARDELLA,EDOUARD PHILIPPE,"51,5","48,9","54,1"
10166,Elabe,"BFMTV, La Tribune Dimanche",1422,2026-03-25,2026-03-27,2nd,Edouard PHILIPPE / Jordan BARDELLA,JORDAN BARDELLA,"48,5","45,9","51,1"
10166,Elabe,"BFMTV, La Tribune Dimanche",1422,2026-03-25,2026-03-27,2nd,Edouard PHILIPPE / Marine LE PEN,EDOUARD PHILIPPE,53,"50,4","55,6"
10166,Elabe,"BFMTV, La Tribune Dimanche",1422,2026-03-25,2026-03-27,2nd,Edouard PHILIPPE / Marine LE PEN,MARINE LE PEN,47,"44,4","49,6"
10166,Elabe,"BFMTV, La Tribune Dimanche",1422,2026-03-25,2026-03-27,2nd,Gabriel ATTAL / Marine LE PEN,GABRIEL ATTAL,49,"46,4","51,6"
10166,Elabe,"BFMTV, La Tribune Dimanche",1422,2026-03-25,2026-03-27,2nd,Gabriel ATTAL / Marine LE PEN,MARINE LE PEN,51,"48,4","53,6"
10166,Elabe,"BFMTV, La Tribune Dimanche",1422,2026-03-25,2026-03-27,2nd,Jean-Luc MÉLENCHON / Jordan BARDELLA,JEAN-LUC MELENCHON,"28,5","26,2","30,8"
10166,Elabe,"BFMTV, La Tribune Dimanche",1422,2026-03-25,2026-03-27,2nd,Jean-Luc MÉLENCHON / Jordan BARDELLA,JORDAN BARDELLA,"71,5","69,2","73,8"
10166,Elabe,"BFMTV, La Tribune Dimanche",1422,2026-03-25,2026-03-27,2nd,Raphaël GLUCKSMANN / Jordan BARDELLA,JORDAN BARDELLA,"58,5","55,9","61,1"
10166,Elabe,"BFMTV, La Tribune Dimanche",1422,2026-03-25,2026-03-27,2nd,Raphaël GLUCKSMANN / Jordan BARDELLA,RAPHAEL GLUCKSMANN,"41,5","38,9","44,1"
10226,Elabe,"BFMTV, La Tribune Dimanche",1390,2026-07-09,2026-07-10,2nd,Bruno RETAILLEAU / Marine LE PEN,BRUNO RETAILLEAU,44,"41,4","46,6"
10226,Elabe,"BFMTV, La Tribune Dimanche",1390,2026-07-09,2026-07-10,2nd,Bruno RETAILLEAU / Marine LE PEN,MARINE LE PEN,56,"53,4","58,6"
10226,Elabe,"BFMTV, La Tribune Dimanche",1390,2026-07-09,2026-07-10,2nd,Gabriel ATTAL / Marine LE PEN,GABRIEL ATTAL,46,"43,4","48,6"
10226,Elabe,"BFMTV, La Tribune Dimanche",1390,2026-07-09,2026-07-10,2nd,Gabriel ATTAL / Marine LE PEN,MARINE LE PEN,54,"51,4","56,6"
10226,Elabe,"BFMTV, La Tribune Dimanche",1390,2026-07-09,2026-07-10,2nd,Jean-Luc MÉLENCHON / Marine LE PEN,JEAN-LUC MELENCHON,"32,5","30,0","35,0"
10226,Elabe,"BFMTV, La Tribune Dimanche",1390,2026-07-09,2026-07-10,2nd,Jean-Luc MÉLENCHON / Marine LE PEN,MARINE LE PEN,"67,5","65,0","70,0"
10226,Elabe,"BFMTV, La Tribune Dimanche",1390,2026-07-09,2026-07-10,2nd,Raphaël GLUCKSMANN / Marine LE PEN,MARINE LE PEN,"58,5","55,9","61,1"
10226,Elabe,"BFMTV, La Tribune Dimanche",1390,2026-07-09,2026-07-10,2nd,Raphaël GLUCKSMANN / Marine LE PEN,RAPHAEL GLUCKSMANN,"41,5","38,9","44,1"
10226,Elabe,"BFMTV, La Tribune Dimanche",1390,2026-07-09,2026-07-10,2nd,Édouard PHILIPPE / Marine LE PEN,MARINE LE PEN,52,"49,4","54,6"
10226,Elabe,"BFMTV, La Tribune Dimanche",1390,2026-07-09,2026-07-10,2nd,Édouard PHILIPPE / Marine LE PEN,EDOUARD PHILIPPE,48,"45,4","50,6"
10245,Elabe,"BFMTV, La Tribune Dimanche",1378,2026-08-26,2026-08-28,2nd,Gabriel ATTAL / Marine LE PEN,GABRIEL ATTAL,43,"40,4","45,6"
10245,Elabe,"BFMTV, La Tribune Dimanche",1378,2026-08-26,2026-08-28,2nd,Gabriel ATTAL / Marine LE PEN,MARINE LE PEN,57,"54,4","59,6"
10245,Elabe,"BFMTV, La Tribune Dimanche",1378,2026-08-26,2026-08-28,2nd,Jean-Luc MÉLENCHON / Marine LE PEN,JEAN-LUC MELENCHON,"30,5","28,1","32,9"
10245,Elabe,"BFMTV, La Tribune Dimanche",1378,2026-08-26,2026-08-28,2nd,Jean-Luc MÉLENCHON / Marine LE PEN,MARINE LE PEN,"69,5","67,1","71,9"
10245,Elabe,"BFMTV, La Tribune Dimanche",1378,2026-08-26,2026-08-28,2nd,Raphaël GLUCKSMANN / Marine LE PEN,MARINE LE PEN,57,"54,4","59,6"
10245,Elabe,"BFMTV, La Tribune Dimanche",1378,2026-08-26,2026-08-28,2nd,Raphaël GLUCKSMANN / Marine LE PEN,RAPHAEL GLUCKSMANN,43,"40,4","45,6"
10245,Elabe,"BFMTV, La Tribune Dimanche",1378,2026-08-26,2026-08-28,2nd,Édouard PHILIPPE / Marine LE PEN,MARINE LE PEN,"52,5","49,9","55,1"
10245,Elabe,"BFMTV, La Tribune Dimanche",1378,2026-08-26,2026-08-28,2nd,Édouard PHILIPPE / Marine LE PEN,EDOUARD PHILIPPE,"47,5","44,9","50,1"
10222,Ifop,LCI et Le Figaro,984,2026-07-07,2026-07-08,2nd,Edouard Philippe / Marine Le Pen,EDOUARD PHILIPPE,46,"42,9","49,1"
10222,Ifop,LCI et Le Figaro,984,2026-07-07,2026-07-08,2nd,Edouard Philippe / Marine Le Pen,MARINE LE PEN,54,"50,9","57,1"
10222,Ifop,LCI et Le Figaro,984,2026-07-07,2026-07-08,2nd,Gabriel Attal / Marine Le Pen,GABRIEL ATTAL,45,"41,9","48,1"
10222,Ifop,LCI et Le Figaro,984,2026-07-07,2026-07-08,2nd,Gabriel Attal / Marine Le Pen,MARINE LE PEN,55,"51,9","58,1"
10222,Ifop,LCI et Le Figaro,984,2026-07-07,2026-07-08,2nd,Jean-Luc Mélenchon / Marine Le Pen,JEAN-LUC MELENCHON,30,"27,1","32,9"
10222,Ifop,LCI et Le Figaro,984,2026-07-07,2026-07-08,2nd,Jean-Luc Mélenchon / Marine Le Pen,MARINE LE PEN,70,"67,1","72,9"
10242,Ifop,"LCI, Le Figaro et Sud Radio",1598,2026-08-24,2026-08-25,2nd,Bruno Retailleau / Marine Le Pen,BRUNO RETAILLEAU,42,"39,6","44,4"
10242,Ifop,"LCI, Le Figaro et Sud Radio",1598,2026-08-24,2026-08-25,2nd,Bruno Retailleau / Marine Le Pen,MARINE LE PEN,58,"55,6","60,4"
10242,Ifop,"LCI, Le Figaro et Sud Radio",1598,2026-08-24,2026-08-25,2nd,Edouard Philippe / Marine Le Pen,EDOUARD PHILIPPE,48,"45,6","50,4"
10242,Ifop,"LCI, Le Figaro et Sud Radio",1598,2026-08-24,2026-08-25,2nd,Edouard Philippe / Marine Le Pen,MARINE LE PEN,52,"49,6","54,4"
10242,Ifop,"LCI, Le Figaro et Sud Radio",1598,2026-08-24,2026-08-25,2nd,François Hollande / Marine Le Pen,FRANCOIS HOLLANDE,46,"43,6","48,4"
10242,Ifop,"LCI, Le Figaro et Sud Radio",1598,2026-08-24,2026-08-25,2nd,François Hollande / Marine Le Pen,MARINE LE PEN,54,"51,6","56,4"
10242,Ifop,"LCI, Le Figaro et Sud Radio",1598,2026-08-24,2026-08-25,2nd,Gabriel Attal / Marine Le Pen,GABRIEL ATTAL,46,"43,6","48,4"
10242,Ifop,"LCI, Le Figaro et Sud Radio",1598,2026-08-24,2026-08-25,2nd,Gabriel Attal / Marine Le Pen,MARINE LE PEN,54,"51,6","56,4"
10242,Ifop,"LCI, Le Figaro et Sud Radio",1598,2026-08-24,2026-08-25,2nd,Jean-Luc Mélenchon / Marine Le Pen,JEAN-LUC MELENCHON,33,"30,7","35,3"
10242,Ifop,"LCI, Le Figaro et Sud Radio",1598,2026-08-24,2026-08-25,2nd,Jean-Luc Mélenchon / Marine Le Pen,MARINE LE PEN,67,"64,7","69,3"
10242,Ifop,"LCI, Le Figaro et Sud Radio",1598,2026-08-24,2026-08-25,2nd,Raphaël Glucksmann / Marine Le Pen,MARINE LE PEN,55,"52,6","57,4"
10242,Ifop,"LCI, Le Figaro et Sud Radio",1598,2026-08-24,2026-08-25,2nd,Raphaël Glucksmann / Marine Le Pen,RAPHAEL GLUCKSMANN,45,"42,6","47,4"
9930,Ifop,Hexagone,9128,2025-04-11,2025-04-18,2nd,Bruno Retailleau / Jordan Bardella,BRUNO RETAILLEAU,47,"46,0","48,0"
9930,Ifop,Hexagone,9128,2025-04-11,2025-04-18,2nd,Bruno Retailleau / Jordan Bardella,JORDAN BARDELLA,53,"52,0","54,0"
9930,Ifop,Hexagone,9128,2025-04-11,2025-04-18,2nd,Edouard Philippe / Jordan Bardella,EDOUARD PHILIPPE,50,"49,0","51,0"
9930,Ifop,Hexagone,9128,2025-04-11,2025-04-18,2nd,Edouard Philippe / Jordan Bardella,JORDAN BARDELLA,50,"49,0","51,0"
9930,Ifop,Hexagone,1838,2025-04-29,2025-04-30,2nd,Edouard Philippe / Marine Le Pen,EDOUARD PHILIPPE,52,"51,0","53,0"
9930,Ifop,Hexagone,1838,2025-04-29,2025-04-30,2nd,Edouard Philippe / Marine Le Pen,MARINE LE PEN,48,"47,0","49,0"
9930,Ifop,Hexagone,9128,2025-04-11,2025-04-18,2nd,Gabriel Attal / Jordan Bardella,GABRIEL ATTAL,48,"47,0","49,0"
9930,Ifop,Hexagone,9128,2025-04-11,2025-04-18,2nd,Gabriel Attal / Jordan Bardella,JORDAN BARDELLA,52,"51,0","53,0"
9930,Ifop,Hexagone,9128,2025-04-11,2025-04-18,2nd,Jean-Luc Mélenchon / Jordan Bardella,JEAN-LUC MELENCHON,33,"32,0","34,0"
9930,Ifop,Hexagone,9128,2025-04-11,2025-04-18,2nd,Jean-Luc Mélenchon / Jordan Bardella,JORDAN BARDELLA,67,"66,0","68,0"
10167,Odoxa,"MASCARET, PUBLIC SENAT ET 20 TITRES DE LA PRESSE REGIONALE",1206,2026-03-25,2026-03-26,2nd,Edouard Philippe / Jordan Bardella,EDOUARD PHILIPPE,52,"49,2","54,8"
10167,Odoxa,"MASCARET, PUBLIC SENAT ET 20 TITRES DE LA PRESSE REGIONALE",1206,2026-03-25,2026-03-26,2nd,Edouard Philippe / Jordan Bardella,JORDAN BARDELLA,48,"45,2","50,8"
10189,Odoxa,Public Sénat et la Presse Régionale,928,2026-05-20,2026-05-21,2nd,Edouard Philippe / Jordan Bardella,EDOUARD PHILIPPE,48,"44,8","51,2"
10189,Odoxa,Public Sénat et la Presse Régionale,928,2026-05-20,2026-05-21,2nd,Edouard Philippe / Jordan Bardella,JORDAN BARDELLA,52,"48,8","55,2"
9925,Odoxa,Public Sénat et la Presse Régionale,929,2025-04-23,2025-04-24,2nd,Edouard Philippe / Jordan Bardella,EDOUARD PHILIPPE,54,"50,8","57,2"
9925,Odoxa,Public Sénat et la Presse Régionale,929,2025-04-23,2025-04-24,2nd,Edouard Philippe / Jordan Bardella,JORDAN BARDELLA,46,"42,8","49,2"
9925,Odoxa,Public Sénat et la Presse Régionale,929,2025-04-23,2025-04-24,2nd,Edouard Philippe / Marine Le Pen,EDOUARD PHILIPPE,54,"50,8","57,2"
9925,Odoxa,Public Sénat et la Presse Régionale,929,2025-04-23,2025-04-24,2nd,Edouard Philippe / Marine Le Pen,MARINE LE PEN,46,"42,8","49,2"
10192,Toluna,M6 & RTL,1744,2026-05-25,2026-05-27,2nd,Gabriel Attal / Jordan Bardella,GABRIEL ATTAL,43,"40,7","45,3"
10192,Toluna,M6 & RTL,1744,2026-05-25,2026-05-27,2nd,Gabriel Attal / Jordan Bardella,JORDAN BARDELLA,57,"54,7","59,3"
10192,Toluna,M6 & RTL,1744,2026-05-25,2026-05-27,2nd,Gabriel Attal / Marine Le Pen,GABRIEL ATTAL,46,"43,7","48,3"
10192,Toluna,M6 & RTL,1744,2026-05-25,2026-05-27,2nd,Gabriel Attal / Marine Le Pen,MARINE LE PEN,54,"51,7","56,3"
10192,Toluna,M6 & RTL,1744,2026-05-25,2026-05-27,2nd,Jean-Luc Mélenchon / Jordan Bardella,JEAN-LUC MELENCHON,32,"29,8","34,2"
10192,Toluna,M6 & RTL,1744,2026-05-25,2026-05-27,2nd,Jean-Luc Mélenchon / Jordan Bardella,JORDAN BARDELLA,68,"65,8","70,2"
10192,Toluna,M6 & RTL,1744,2026-05-25,2026-05-27,2nd,Jean-Luc Mélenchon / Marine Le Pen,JEAN-LUC MELENCHON,33,"30,8","35,2"
10192,Toluna,M6 & RTL,1744,2026-05-25,2026-05-27,2nd,Jean-Luc Mélenchon / Marine Le Pen,MARINE LE PEN,67,"64,8","69,2"
10192,Toluna,M6 & RTL,1744,2026-05-25,2026-05-27,2nd,Édouard Philippe / Jordan Bardella,JORDAN BARDELLA,54,"51,7","56,3"
10192,Toluna,M6 & RTL,1744,2026-05-25,2026-05-27,2nd,Édouard Philippe / Jordan Bardella,EDOUARD PHILIPPE,46,"43,7","48,3"
10192,Toluna,M6 & RTL,1744,2026-05-25,2026-05-27,2nd,Édouard Philippe / Marine Le Pen,MARINE LE PEN,52,"49,7","54,3"
10192,Toluna,M6 & RTL,1744,2026-05-25,2026-05-27,2nd,Édouard Philippe / Marine Le Pen,EDOUARD PHILIPPE,48,"45,7","50,3"
10223,Toluna,M6 & RTL,1592,2026-07-07,2026-07-08,2nd,Gabriel Attal / Marine Le Pen,GABRIEL ATTAL,45,"42,6","47,4"
10223,Toluna,M6 & RTL,1592,2026-07-07,2026-07-08,2nd,Gabriel Attal / Marine Le Pen,MARINE LE PEN,55,"52,6","57,4"
10223,Toluna,M6 & RTL,1592,2026-07-07,2026-07-08,2nd,Jean-Luc Mélenchon / Marine Le Pen,JEAN-LUC MELENCHON,33,"30,7","35,3"
10223,Toluna,M6 & RTL,1592,2026-07-07,2026-07-08,2nd,Jean-Luc Mélenchon / Marine Le Pen,MARINE LE PEN,67,"64,7","69,3"
10223,Toluna,M6 & RTL,1592,2026-07-07,2026-07-08,2nd,Édouard Philippe / Marine Le Pen,MARINE LE PEN,51,"48,5","53,5"
10223,Toluna,M6 & RTL,1592,2026-07-07,2026-07-08,2nd,Édouard Philippe / Marine Le Pen,EDOUARD PHILIPPE,49,"46,5","51,5"
10239,Toluna,M6 & RTL,1764,2026-08-18,2026-08-19,2nd,Gabriel Attal / Marine Le Pen,GABRIEL ATTAL,43,"40,7","45,3"
10239,Toluna,M6 & RTL,1764,2026-08-18,2026-08-19,2nd,Gabriel Attal / Marine Le Pen,MARINE LE PEN,57,"54,7","59,3"
10239,Toluna,M6 & RTL,1764,2026-08-18,2026-08-19,2nd,Jean-Luc Mélenchon / Marine Le Pen,JEAN-LUC MELENCHON,32,"29,8","34,2"
10239,Toluna,M6 & RTL,1764,2026-08-18,2026-08-19,2nd,Jean-Luc Mélenchon / Marine Le Pen,MARINE LE PEN,68,"65,8","70,2"
10239,Toluna,M6 & RTL,1764,2026-08-18,2026-08-19,2nd,Édouard Philippe / Marine Le Pen,MARINE LE PEN,55,"52,7","57,3"
10239,Toluna,M6 & RTL,1764,2026-08-18,2026-08-19,2nd,Édouard Philippe / Marine Le Pen,EDOUARD PHILIPPE,45,"42,7","47,3"
10252,OpinionWay,JDD,929,2026-09-02,2026-09-03,2nd,Gabriel Attal / Marine Le Pen,GABRIEL ATTAL,45,"41,8","48,2"
10252,OpinionWay,JDD,929,2026-09-02,2026-09-03,2nd,Gabriel Attal / Marine Le Pen,MARINE LE PEN,55,"51,8","58,2"
10252,OpinionWay,JDD,929,2026-09-02,2026-09-03,2nd,Jean-Luc Mélenchon / Marine Le Pen,JEAN-LUC MELENCHON,34,"31,0","37,0"
10252,OpinionWay,JDD,929,2026-09-02,2026-09-03,2nd,Jean-Luc Mélenchon / Marine Le Pen,MARINE LE PEN,66,"63,0","69,0"
10252,OpinionWay,JDD,929,2026-09-02,2026-09-03,2nd,Édouard Philippe / Marine Le Pen,EDOUARD PHILIPPE,48,"44,8","51,2"
10252,OpinionWay,JDD,929,2026-09-02,2026-09-03,2nd,Édouard Philippe / Marine Le Pen,MARINE LE PEN,52,"48,8","55,2"
10260,OpinionWay,CNews,935,2026-09-09,2026-09-10,2nd,Jean-Luc Mélenchon / Marine Le Pen,JEAN-LUC MELENCHON,33,"30,0","36,0"
10260,OpinionWay,CNews,935,2026-09-09,2026-09-10,2nd,Jean-Luc Mélenchon / Marine Le Pen,MARINE LE PEN,67,"64,0","70,0"
10260,OpinionWay,CNews,935,2026-09-09,2026-09-10,2nd,Édouard Philippe / Marine Le Pen,MARINE LE PEN,55,"51,8","58,2"
10260,OpinionWay,CNews,935,2026-09-09,2026-09-10,2nd,Édouard Philippe / Marine Le Pen,EDOUARD PHILIPPE,45,"41,8","48,2"
10263,Toluna,M6 & RTL,2052,2026-09-08,2026-09-10,2nd,Gabriel Attal / Marine Le Pen,GABRIEL ATTAL,44,"41,9","46,1"
10263,Toluna,M6 & RTL,2052,2026-09-08,2026-09-10,2nd,Gabriel Attal / Marine Le Pen,MARINE LE PEN,56,"53,9","58,1"
10263,Toluna,M6 & RTL,2052,2026-09-08,2026-09-10,2nd,Jean-Luc Mélenchon / Marine Le Pen,JEAN-LUC MELENCHON,33,"31,0","35,0"
10263,Toluna,M6 & RTL,2052,2026-09-08,2026-09-10,2nd,Jean-Luc Mélenchon / Marine Le Pen,MARINE LE PEN,67,"65,0","69,0"
10263,Toluna,M6 & RTL,2052,2026-09-08,2026-09-10,2nd,Édouard Philippe / Marine Le Pen,MARINE LE PEN,55,"52,8","57,2"
10263,Toluna,M6 & RTL,2052,2026-09-08,2026-09-10,2nd,Édouard Philippe / Marine Le Pen,EDOUARD PHILIPPE,45,"42,8","47,2"
